"treecode","yearcode","species","rem","weev","edge","shelter"
1,1,0,0,0,0,0
1,1,0,1,0,0,0
1,1,0,0,0,0,0
1,1,0,0,0,0,0
1,1,0,0,0,0,0
1,1,0,0,0,0,0
2,1,1,0,0,0,0
2,1,1,0,0,0,0
2,1,1,0,0,0,0
2,1,1,1,0,0,0
2,1,1,0,0,0,0
2,1,1,0,0,0,0
2,1,1,1,0,0,0
2,1,1,1,0,0,0
2,1,1,1,0,0,0
2,1,1,0,0,0,0
2,1,1,0,0,0,0
2,1,1,0,0,0,0
3,1,0,0,0,0,0
3,1,0,0,0,0,0
3,1,0,0,0,0,0
3,1,0,0,0,0,0
3,1,0,1,0,0,0
3,1,0,0,0,0,0
3,1,0,0,0,0,0
3,1,0,1,0,0,0
3,1,0,0,0,0,0
3,1,0,1,0,0,0
4,1,1,0,0,0,0
4,1,1,0,0,0,0
4,1,1,0,0,0,0
4,1,1,0,0,0,0
5,1,0,1,0,0,0
5,1,0,1,0,0,0
5,1,0,1,0,0,0
5,1,0,1,0,0,0
5,1,0,1,0,0,0
5,1,0,1,0,0,0
5,1,0,1,0,0,0
6,1,1,1,0,0,0
6,1,1,1,0,0,0
6,1,1,0,0,0,0
6,1,1,1,0,0,0
6,1,1,1,0,0,0
6,1,1,1,0,0,0
6,1,1,0,0,0,0
6,1,1,1,0,0,0
6,1,1,1,0,0,0
7,1,0,1,0,0,0
7,1,0,1,0,0,0
7,1,0,0,0,0,0
7,1,0,1,0,0,0
7,1,0,0,0,0,0
7,1,0,0,0,0,0
7,1,0,1,0,0,0
7,1,0,1,0,0,0
8,1,1,1,0,0,0
8,1,1,1,0,0,0
8,1,1,1,0,0,0
8,1,1,1,0,0,0
11,1,1,0,0,0,0
11,1,1,0,0,0,0
11,1,1,0,0,0,0
11,1,1,0,0,0,0
11,1,1,0,0,0,0
11,1,1,0,0,0,0
11,1,1,0,0,0,0
11,1,1,1,0,0,0
11,1,1,1,0,0,0
11,1,1,0,0,0,0
11,1,1,1,0,0,0
12,1,0,0,0,0,0
12,1,0,1,0,0,0
12,1,0,0,0,0,0
12,1,0,0,0,0,0
12,1,0,1,0,0,0
12,1,0,0,0,0,0
12,1,0,0,0,0,0
12,1,0,0,0,0,0
12,1,0,0,0,0,0
12,1,0,0,0,0,0
12,1,0,0,0,0,0
12,1,0,0,0,0,0
12,1,0,0,0,0,0
14,1,0,1,0,0,0
14,1,0,1,0,0,0
14,1,0,1,0,0,0
14,1,0,1,0,0,0
14,1,0,0,0,0,0
14,1,0,0,0,0,0
16,1,0,1,0,0,0
16,1,0,1,0,0,0
16,1,0,1,1,0,0
16,1,0,1,0,0,0
16,1,0,1,0,0,0
16,1,0,1,0,0,0
17,1,0,1,0,0,0
17,1,0,1,0,0,0
17,1,0,1,0,0,0
17,1,0,1,0,0,0
17,1,0,1,0,0,0
17,1,0,0,0,0,0
17,1,0,0,0,0,0
17,1,0,1,0,0,0
17,1,0,1,0,0,0
17,1,0,1,0,0,0
17,1,0,1,0,0,0
17,1,0,0,0,0,0
17,1,0,0,0,0,0
18,1,1,1,0,0,0
18,1,1,1,0,0,0
18,1,1,1,0,0,0
18,1,1,1,0,0,0
18,1,1,0,0,0,0
18,1,1,0,0,0,0
18,1,1,1,0,0,0
18,1,1,1,0,0,0
18,1,1,0,0,0,0
18,1,1,0,0,0,0
18,1,1,1,0,0,0
19,1,0,1,0,0,0
19,1,0,1,0,0,0
19,1,0,0,0,0,0
19,1,0,1,0,0,0
19,1,0,1,0,0,0
19,1,0,1,0,0,0
19,1,0,0,0,0,0
19,1,0,0,0,0,0
19,1,0,0,0,0,0
20,1,1,1,0,0,0
20,1,1,1,0,0,0
20,1,1,1,0,0,0
20,1,1,1,0,0,0
20,1,1,0,0,0,0
21,1,0,0,0,0,0
21,1,0,0,0,0,0
21,1,0,0,0,0,0
25,1,0,0,0,0,0
25,1,0,0,0,0,0
25,1,0,1,0,0,0
25,1,0,1,0,0,0
25,1,0,1,0,0,0
25,1,0,1,0,0,0
27,1,0,1,0,0,0
27,1,0,1,0,0,0
27,1,0,1,0,0,0
27,1,0,0,0,0,0
31,1,1,0,0,0,0
31,1,1,0,0,0,0
32,1,0,1,0,0,0
32,1,0,1,0,0,0
32,1,0,1,0,0,0
32,1,0,1,0,0,0
32,1,0,1,0,0,0
32,1,0,1,0,0,0
34,1,0,1,0,0,0
38,1,1,0,1,0,0
38,1,1,1,0,0,0
38,1,1,1,0,0,0
38,1,1,1,0,0,0
39,1,0,0,0,0,0
39,1,0,0,0,0,0
39,1,0,0,0,0,0
42,1,0,1,0,0,0
42,1,0,0,0,0,0
42,1,0,0,0,0,0
42,1,0,1,0,0,0
42,1,0,1,0,0,0
42,1,0,1,0,0,0
42,1,0,1,0,0,0
43,1,1,1,0,0,0
44,1,1,1,0,0,0
44,1,1,1,0,0,0
44,1,1,0,1,0,0
44,1,1,1,0,0,0
44,1,1,1,0,0,0
45,1,0,1,0,0,0
45,1,0,1,0,0,0
46,1,1,1,0,0,0
47,1,0,1,0,0,0
47,1,0,1,0,0,0
47,1,0,1,0,0,0
47,1,0,1,1,0,0
47,1,0,1,0,0,0
47,1,0,1,0,0,0
47,1,0,0,1,0,0
48,1,0,0,0,0,0
48,1,0,0,0,0,0
48,1,0,1,0,0,0
48,1,0,0,0,0,0
48,1,0,0,0,0,0
48,1,0,0,0,0,0
48,1,0,0,0,0,0
48,1,0,0,0,0,0
48,1,0,0,0,0,0
48,1,0,0,0,0,0
48,1,0,0,0,0,0
48,1,0,0,0,0,0
48,1,0,0,0,0,0
50,1,0,0,0,0,0
50,1,0,0,0,0,0
50,1,0,0,0,0,0
50,1,0,0,0,0,0
50,1,0,0,0,0,0
50,1,0,0,0,0,0
50,1,0,0,0,0,0
50,1,0,1,0,0,0
50,1,0,1,0,0,0
50,1,0,1,0,0,0
50,1,0,1,0,0,0
51,1,1,1,0,0,0
52,1,0,1,0,0,0
53,1,1,0,0,0,0
53,1,1,1,0,0,0
53,1,1,1,0,0,0
53,1,1,0,0,0,0
53,1,1,1,0,0,0
53,1,1,1,0,0,0
53,1,1,0,0,0,0
53,1,1,0,0,0,0
53,1,1,0,0,0,0
53,1,1,1,0,0,0
53,1,1,1,0,0,0
53,1,1,1,0,0,0
53,1,1,0,0,0,0
53,1,1,1,0,0,0
53,1,1,1,0,0,0
53,1,1,1,0,0,0
53,1,1,1,0,0,0
53,1,1,1,0,0,0
53,1,1,1,0,0,0
53,1,1,1,0,0,0
53,1,1,1,0,0,0
55,1,1,1,0,0,0
55,1,1,0,0,0,0
55,1,1,0,0,0,0
55,1,1,1,0,0,0
55,1,1,1,0,0,0
55,1,1,1,0,0,0
55,1,1,1,0,0,0
55,1,1,1,0,0,0
55,1,1,1,0,0,0
55,1,1,1,0,0,0
55,1,1,1,0,0,0
55,1,1,1,0,0,0
55,1,1,1,0,0,0
55,1,1,1,0,0,0
55,1,1,0,0,0,0
56,1,0,1,0,0,0
56,1,0,1,0,0,0
56,1,0,1,0,0,0
56,1,0,1,0,0,0
56,1,0,1,0,0,0
56,1,0,1,0,0,0
56,1,0,1,0,0,0
56,1,0,1,0,0,0
57,1,1,0,0,0,0
57,1,1,1,0,0,0
58,1,0,0,0,0,0
59,1,1,0,0,0,0
59,1,1,0,0,0,0
59,1,1,0,0,0,0
59,1,1,0,0,0,0
59,1,1,0,0,0,0
60,1,0,0,0,0,0
60,1,0,0,0,0,0
60,1,0,0,0,0,0
61,1,1,1,0,0,0
61,1,1,1,0,0,0
61,1,1,1,0,0,0
61,1,1,1,0,0,0
61,1,1,1,0,0,0
62,1,1,1,0,0,0
62,1,1,1,0,0,0
62,1,1,0,0,0,0
62,1,1,1,0,0,0
62,1,1,1,0,0,0
62,1,1,1,0,0,0
62,1,1,1,0,0,0
62,1,1,1,0,0,0
62,1,1,1,0,0,0
62,1,1,1,0,0,0
62,1,1,1,0,0,0
62,1,1,1,0,0,0
63,1,0,1,0,0,0
65,1,0,1,0,0,0
66,1,0,1,0,0,0
66,1,0,1,0,0,0
66,1,0,1,0,0,0
66,1,0,1,0,0,0
66,1,0,1,0,0,0
66,1,0,1,0,0,0
66,1,0,1,0,0,0
67,1,1,1,0,0,0
69,1,1,1,0,0,0
69,1,1,1,0,0,0
71,1,1,1,0,0,0
71,1,1,1,0,0,0
71,1,1,1,0,0,0
71,1,1,1,0,0,0
71,1,1,0,0,0,0
72,1,1,0,0,0,0
72,1,1,0,0,0,0
72,1,1,1,0,0,0
72,1,1,1,0,0,0
75,1,0,1,0,0,0
76,1,0,0,0,0,0
77,1,1,0,0,0,0
78,1,1,1,0,0,0
79,1,0,1,0,0,0
80,1,1,1,0,0,0
80,1,1,1,0,0,0
80,1,1,1,0,0,0
81,1,0,0,0,0,0
82,1,0,1,0,0,0
82,1,0,0,0,0,0
82,1,0,0,1,0,0
84,1,0,1,0,0,0
85,1,1,0,0,0,0
85,1,1,0,0,0,0
85,1,1,0,0,0,0
85,1,1,0,0,0,0
85,1,1,0,0,0,0
85,1,1,0,0,0,0
85,1,1,0,0,0,0
85,1,1,0,0,0,0
85,1,1,0,0,0,0
85,1,1,0,0,0,0
85,1,1,0,0,0,0
85,1,1,0,0,0,0
85,1,1,0,0,0,0
85,1,1,0,0,0,0
85,1,1,0,0,0,0
85,1,1,0,0,0,0
85,1,1,0,0,0,0
85,1,1,0,0,0,0
85,1,1,0,0,0,0
85,1,1,0,0,0,0
86,1,0,1,0,0,0
86,1,0,1,0,0,0
86,1,0,1,0,0,0
86,1,0,1,0,0,0
87,1,1,0,0,0,0
87,1,1,0,0,0,0
87,1,1,0,0,0,0
87,1,1,0,0,0,0
87,1,1,0,0,0,0
87,1,1,0,0,0,0
87,1,1,0,0,0,0
87,1,1,0,0,0,0
87,1,1,0,0,0,0
87,1,1,0,0,0,0
87,1,1,0,0,0,0
87,1,1,0,0,0,0
87,1,1,0,0,0,0
87,1,1,0,0,0,0
87,1,1,0,0,0,0
87,1,1,0,0,0,0
87,1,1,0,0,0,0
87,1,1,0,0,0,0
87,1,1,0,0,0,0
87,1,1,0,0,0,0
88,1,0,1,0,0,0
89,1,1,0,0,0,0
89,1,1,0,0,0,0
89,1,1,0,0,0,0
89,1,1,0,0,0,0
89,1,1,0,0,0,0
89,1,1,0,0,0,0
89,1,1,0,0,0,0
89,1,1,0,0,0,0
89,1,1,0,0,0,0
89,1,1,0,0,0,0
89,1,1,0,0,0,0
89,1,1,0,0,0,0
89,1,1,0,0,0,0
89,1,1,0,0,0,0
89,1,1,0,0,0,0
89,1,1,0,0,0,0
89,1,1,0,0,0,0
89,1,1,0,0,0,0
89,1,1,0,0,0,0
89,1,1,0,0,0,0
90,1,0,0,0,0,0
90,1,0,0,0,0,0
90,1,0,0,0,0,0
90,1,0,0,0,0,0
91,1,1,0,0,0,0
91,1,1,0,0,0,0
91,1,1,0,0,0,0
94,1,0,1,0,0,0
95,1,1,1,0,0,0
95,1,1,1,0,0,0
95,1,1,0,0,0,0
95,1,1,1,0,0,0
95,1,1,1,0,0,0
95,1,1,1,0,0,0
95,1,1,1,0,0,0
96,1,0,0,0,0,0
96,1,0,0,0,0,0
96,1,0,0,0,0,0
96,1,0,0,0,0,0
96,1,0,0,0,0,0
96,1,0,0,0,0,0
97,1,1,1,0,0,0
97,1,1,0,0,0,0
97,1,1,1,0,0,0
97,1,1,1,0,0,0
97,1,1,1,0,0,0
97,1,1,1,0,0,0
100,1,0,1,0,0,0
101,1,1,0,0,0,0
101,1,1,0,0,0,0
101,1,1,0,0,0,0
101,1,1,0,0,0,0
101,1,1,0,0,0,0
101,1,1,0,0,0,0
101,1,1,0,0,0,0
101,1,1,0,0,0,0
101,1,1,0,0,0,0
101,1,1,0,0,0,0
101,1,1,0,0,0,0
101,1,1,0,0,0,0
101,1,1,0,0,0,0
101,1,1,0,0,0,0
101,1,1,0,0,0,0
103,1,1,1,0,0,0
105,1,1,0,0,0,0
105,1,1,0,0,0,0
105,1,1,0,0,0,0
105,1,1,0,0,0,0
105,1,1,0,0,0,0
105,1,1,0,0,0,0
105,1,1,0,0,0,0
105,1,1,0,0,0,0
105,1,1,0,0,0,0
105,1,1,0,0,0,0
105,1,1,0,0,0,0
105,1,1,0,0,0,0
105,1,1,0,0,0,0
105,1,1,0,0,0,0
105,1,1,0,0,0,0
105,1,1,0,0,0,0
105,1,1,0,0,0,0
105,1,1,0,0,0,0
105,1,1,0,0,0,0
106,1,0,0,0,0,0
106,1,0,0,0,0,0
106,1,0,0,0,0,0
106,1,0,0,0,0,0
106,1,0,0,0,0,0
106,1,0,0,0,0,0
106,1,0,0,0,0,0
106,1,0,0,0,0,0
106,1,0,0,0,0,0
106,1,0,0,0,0,0
106,1,0,0,0,0,0
106,1,0,0,0,0,0
106,1,0,0,1,0,0
106,1,0,0,0,0,0
106,1,0,0,0,0,0
106,1,0,0,0,0,0
106,1,0,0,0,0,0
106,1,0,0,0,0,0
106,1,0,0,0,0,0
106,1,0,0,0,0,0
108,1,0,0,0,0,0
1,2,0,0,1,0,0
1,2,0,1,0,0,0
1,2,0,0,1,0,0
1,2,0,1,0,0,0
1,2,0,1,0,0,0
1,2,0,0,0,0,0
1,2,0,0,1,0,0
1,2,0,0,1,0,0
1,2,0,1,0,0,0
1,2,0,1,0,0,0
1,2,0,0,0,0,0
1,2,0,1,0,0,0
1,2,0,1,0,0,0
1,2,0,1,0,0,0
1,2,0,1,0,0,0
1,2,0,0,0,0,0
1,2,0,0,0,0,0
1,2,0,1,0,0,0
1,2,0,1,0,0,0
1,2,0,0,1,0,0
1,2,0,1,0,0,0
1,2,0,1,0,0,0
1,2,0,1,0,0,0
1,2,0,1,0,0,0
1,2,0,0,0,0,0
1,2,0,1,0,0,0
1,2,0,1,0,0,0
1,2,0,1,0,0,0
1,2,0,0,0,0,0
1,2,0,1,0,0,0
1,2,0,1,0,0,0
1,2,0,0,0,0,0
2,2,1,1,0,0,0
2,2,1,1,0,0,0
2,2,1,0,1,0,0
2,2,1,1,0,0,0
2,2,1,0,0,0,0
2,2,1,1,0,0,0
2,2,1,1,0,0,0
2,2,1,1,0,0,0
2,2,1,1,0,0,0
2,2,1,1,0,0,0
2,2,1,1,0,0,0
3,2,0,0,0,0,0
3,2,0,0,0,0,0
3,2,0,0,0,0,0
3,2,0,0,0,0,0
3,2,0,1,0,0,0
3,2,0,0,1,0,0
3,2,0,0,0,0,0
3,2,0,0,0,0,0
3,2,0,0,0,0,0
3,2,0,1,0,0,0
3,2,0,0,0,0,0
3,2,0,1,0,0,0
3,2,0,0,0,0,0
3,2,0,1,0,0,0
3,2,0,1,0,0,0
3,2,0,0,0,0,0
3,2,0,1,0,0,0
3,2,0,1,0,0,0
3,2,0,1,0,0,0
3,2,0,1,0,0,0
3,2,0,1,0,0,0
3,2,0,1,0,0,0
4,2,1,0,0,0,0
4,2,1,1,0,0,0
4,2,1,1,0,0,0
4,2,1,1,0,0,0
4,2,1,0,0,0,0
4,2,1,0,0,0,0
4,2,1,1,0,0,0
5,2,0,0,0,0,0
5,2,0,0,0,0,0
5,2,0,0,0,0,0
5,2,0,1,0,0,0
5,2,0,1,0,0,0
5,2,0,0,0,0,0
5,2,0,0,0,0,0
5,2,0,0,0,0,0
5,2,0,0,0,0,0
5,2,0,1,0,0,0
5,2,0,1,0,0,0
5,2,0,1,0,0,0
5,2,0,1,0,0,0
5,2,0,1,0,0,0
5,2,0,0,0,0,0
5,2,0,1,0,0,0
5,2,0,1,0,0,0
5,2,0,1,0,0,0
5,2,0,1,0,0,0
5,2,0,1,0,0,0
5,2,0,1,0,0,0
5,2,0,1,0,0,0
5,2,0,0,0,0,0
5,2,0,0,0,0,0
5,2,0,0,0,0,0
5,2,0,1,0,0,0
5,2,0,1,0,0,0
5,2,0,1,0,0,0
5,2,0,1,0,0,0
6,2,1,0,0,0,0
6,2,1,1,0,0,0
6,2,1,1,0,0,0
6,2,1,1,0,0,0
6,2,1,1,0,0,0
6,2,1,1,0,0,0
6,2,1,1,0,0,0
6,2,1,1,0,0,0
6,2,1,1,0,0,0
6,2,1,1,0,0,0
6,2,1,0,0,0,0
6,2,1,0,0,0,0
6,2,1,0,0,0,0
6,2,1,0,0,0,0
7,2,0,1,0,0,0
7,2,0,1,0,0,0
7,2,0,0,0,0,0
7,2,0,0,0,0,0
7,2,0,1,0,0,0
7,2,0,0,0,0,0
7,2,0,1,0,0,0
7,2,0,0,0,0,0
7,2,0,0,0,0,0
7,2,0,0,0,0,0
7,2,0,0,0,0,0
7,2,0,0,0,0,0
7,2,0,0,0,0,0
7,2,0,0,0,0,0
7,2,0,1,0,0,0
7,2,0,1,0,0,0
7,2,0,0,0,0,0
7,2,0,0,0,0,0
7,2,0,0,0,0,0
7,2,0,0,0,0,0
7,2,0,0,0,0,0
7,2,0,0,0,0,0
7,2,0,0,0,0,0
7,2,0,0,0,0,0
8,2,1,1,0,0,0
8,2,1,0,0,0,0
8,2,1,0,0,0,0
8,2,1,1,0,0,0
8,2,1,1,0,0,0
8,2,1,1,0,0,0
8,2,1,0,0,0,0
8,2,1,0,0,0,0
8,2,1,1,0,0,0
8,2,1,1,0,0,0
8,2,1,1,0,0,0
8,2,1,0,0,0,0
8,2,1,0,0,0,0
8,2,1,0,0,0,0
8,2,1,0,0,0,0
8,2,1,0,0,0,0
8,2,1,0,0,0,0
9,2,0,1,0,0,0
9,2,0,1,0,0,0
9,2,0,1,0,0,0
9,2,0,1,0,0,0
9,2,0,1,0,0,0
9,2,0,1,0,0,0
11,2,1,0,0,0,0
11,2,1,0,0,0,0
11,2,1,1,0,0,0
11,2,1,0,0,0,0
11,2,1,0,0,0,0
11,2,1,0,0,0,0
11,2,1,0,0,0,0
11,2,1,0,0,0,0
11,2,1,0,0,0,0
11,2,1,0,0,0,0
11,2,1,0,0,0,0
11,2,1,1,0,0,0
11,2,1,0,0,0,0
11,2,1,0,0,0,0
11,2,1,0,0,0,0
11,2,1,0,0,0,0
11,2,1,0,0,0,0
11,2,1,0,0,0,0
11,2,1,0,0,0,0
11,2,1,0,0,0,0
11,2,1,0,0,0,0
11,2,1,0,0,0,0
12,2,0,0,0,0,0
12,2,0,0,0,0,0
12,2,0,0,0,0,0
12,2,0,0,0,0,0
12,2,0,0,0,0,0
12,2,0,1,0,0,0
12,2,0,1,0,0,0
12,2,0,1,0,0,0
12,2,0,0,0,0,0
12,2,0,1,0,0,0
12,2,0,0,0,0,0
12,2,0,0,0,0,0
12,2,0,0,0,0,0
12,2,0,0,1,0,0
12,2,0,0,0,0,0
12,2,0,0,0,0,0
12,2,0,0,0,0,0
12,2,0,1,0,0,0
12,2,0,1,0,0,0
12,2,0,0,0,0,0
12,2,0,0,0,0,0
12,2,0,0,0,0,0
12,2,0,0,0,0,0
12,2,0,0,0,0,0
12,2,0,0,0,0,0
12,2,0,0,0,0,0
12,2,0,0,0,0,0
13,2,1,1,0,0,0
13,2,1,1,0,0,0
13,2,1,0,0,0,0
13,2,1,1,0,0,0
13,2,1,0,0,0,0
13,2,1,0,0,0,0
13,2,1,1,0,0,0
13,2,1,0,0,0,0
13,2,1,0,0,0,0
13,2,1,0,0,0,0
13,2,1,0,0,0,0
13,2,1,0,0,0,0
13,2,1,0,0,0,0
13,2,1,0,0,0,0
13,2,1,1,0,0,0
13,2,1,1,0,0,0
13,2,1,0,0,0,0
13,2,1,1,0,0,0
13,2,1,0,0,0,0
13,2,1,1,0,0,0
13,2,1,1,0,0,0
14,2,0,1,0,0,0
14,2,0,1,0,0,0
14,2,0,1,0,0,0
14,2,0,1,0,0,0
14,2,0,1,0,0,0
14,2,0,1,0,0,0
14,2,0,1,0,0,0
14,2,0,1,0,0,0
14,2,0,1,0,0,0
14,2,0,1,0,0,0
14,2,0,1,0,0,0
14,2,0,1,0,0,0
14,2,0,1,0,0,0
14,2,0,1,0,0,0
14,2,0,1,0,0,0
14,2,0,1,0,0,0
14,2,0,1,0,0,0
14,2,0,0,0,0,0
14,2,0,1,0,0,0
14,2,0,0,0,0,0
14,2,0,0,0,0,0
14,2,0,0,0,0,0
14,2,0,0,0,0,0
14,2,0,0,0,0,0
17,2,0,1,0,0,0
17,2,0,0,0,0,0
17,2,0,0,0,0,0
17,2,0,0,0,0,0
17,2,0,0,0,0,0
17,2,0,0,0,0,0
17,2,0,0,0,0,0
17,2,0,0,0,0,0
17,2,0,0,0,0,0
17,2,0,0,0,0,0
17,2,0,0,0,0,0
17,2,0,1,0,0,0
17,2,0,0,0,0,0
17,2,0,1,0,0,0
17,2,0,0,0,0,0
17,2,0,0,0,0,0
17,2,0,0,0,0,0
17,2,0,0,0,0,0
17,2,0,0,0,0,0
17,2,0,0,0,0,0
17,2,0,0,0,0,0
17,2,0,0,0,0,0
17,2,0,0,0,0,0
18,2,1,0,0,0,0
18,2,1,0,0,0,0
18,2,1,0,0,0,0
18,2,1,0,0,0,0
18,2,1,0,0,0,0
18,2,1,0,0,0,0
18,2,1,0,0,0,0
18,2,1,1,0,0,0
18,2,1,0,0,0,0
18,2,1,1,0,0,0
18,2,1,1,0,0,0
18,2,1,1,0,0,0
18,2,1,0,0,0,0
18,2,1,0,0,0,0
18,2,1,1,0,0,0
18,2,1,0,0,0,0
19,2,0,0,0,0,0
19,2,0,1,0,0,0
19,2,0,1,0,0,0
19,2,0,0,0,0,0
19,2,0,0,0,0,0
19,2,0,0,0,0,0
19,2,0,1,0,0,0
19,2,0,1,0,0,0
19,2,0,0,0,0,0
19,2,0,1,0,0,0
19,2,0,1,0,0,0
19,2,0,1,0,0,0
19,2,0,1,0,0,0
19,2,0,1,0,0,0
19,2,0,0,1,0,0
19,2,0,1,0,0,0
19,2,0,0,0,0,0
19,2,0,0,0,0,0
19,2,0,0,0,0,0
19,2,0,0,0,0,0
19,2,0,0,0,0,0
19,2,0,1,0,0,0
19,2,0,1,0,0,0
19,2,0,0,0,0,0
19,2,0,0,0,0,0
19,2,0,0,0,0,0
19,2,0,1,0,0,0
19,2,0,0,0,0,0
20,2,1,1,0,0,0
20,2,1,0,0,0,0
20,2,1,1,0,0,0
20,2,1,0,0,0,0
20,2,1,1,0,0,0
20,2,1,0,0,0,0
20,2,1,1,0,0,0
20,2,1,1,0,0,0
20,2,1,0,1,0,0
20,2,1,0,0,0,0
20,2,1,0,0,0,0
20,2,1,0,0,0,0
20,2,1,0,0,0,0
20,2,1,0,0,0,0
20,2,1,0,0,0,0
20,2,1,0,0,0,0
20,2,1,1,0,0,0
20,2,1,1,0,0,0
21,2,0,0,0,0,0
21,2,0,0,0,0,0
21,2,0,1,0,0,0
21,2,0,0,0,0,0
21,2,0,1,0,0,0
21,2,0,1,0,0,0
21,2,0,1,0,0,0
21,2,0,1,0,0,0
21,2,0,1,0,0,0
21,2,0,1,0,0,0
21,2,0,1,0,0,0
22,2,1,1,0,0,0
22,2,1,0,0,0,0
22,2,1,1,0,0,0
25,2,0,1,0,0,0
25,2,0,0,0,0,0
25,2,0,0,1,0,0
26,2,0,1,0,0,0
26,2,0,1,0,0,0
26,2,0,1,0,0,0
26,2,0,1,0,0,0
26,2,0,1,0,0,0
26,2,1,1,0,0,0
26,2,1,1,0,0,0
26,2,1,1,0,0,0
26,2,1,1,0,0,0
26,2,1,1,0,0,0
26,2,1,1,0,0,0
26,2,1,1,0,0,0
26,2,1,1,0,0,0
26,2,1,0,0,0,0
26,2,1,1,0,0,0
26,2,1,1,0,0,0
26,2,1,1,0,0,0
26,2,1,1,0,0,0
26,2,1,1,0,0,0
26,2,1,1,0,0,0
26,2,1,1,0,0,0
26,2,1,1,0,0,0
26,2,1,1,0,0,0
26,2,1,1,0,0,0
26,2,1,1,0,0,0
26,2,1,1,0,0,0
26,2,1,1,0,0,0
26,2,1,1,0,0,0
26,2,1,1,0,0,0
27,2,0,0,1,0,0
27,2,0,1,0,0,0
27,2,0,1,0,0,0
27,2,0,1,0,0,0
27,2,0,0,0,0,0
27,2,0,1,0,0,0
27,2,0,1,0,0,0
27,2,0,1,0,0,0
29,2,1,1,0,0,0
31,2,1,1,0,0,0
31,2,1,1,0,0,0
31,2,1,0,0,0,0
31,2,1,0,0,0,0
31,2,1,1,0,0,0
31,2,1,1,0,0,0
31,2,1,0,0,0,0
32,2,0,1,0,0,0
32,2,0,0,0,0,0
32,2,0,0,0,0,0
32,2,0,0,0,0,0
32,2,0,1,0,0,0
32,2,0,1,0,0,0
32,2,0,1,0,0,0
32,2,0,1,0,0,0
32,2,0,1,0,0,0
32,2,0,1,0,0,0
32,2,0,1,0,0,0
32,2,0,1,0,0,0
33,2,1,1,0,0,0
33,2,1,1,0,0,0
33,2,1,1,0,0,0
34,2,0,0,0,0,0
35,2,1,0,0,0,0
35,2,1,0,0,0,0
35,2,1,0,0,0,0
35,2,1,0,0,0,0
35,2,1,0,0,0,0
35,2,1,1,0,0,0
35,2,1,1,0,0,0
35,2,1,0,0,0,0
35,2,1,1,0,0,0
35,2,1,1,0,0,0
38,2,1,0,0,0,0
38,2,1,0,0,0,0
38,2,1,0,0,0,0
38,2,1,0,0,0,0
38,2,1,1,0,0,0
38,2,1,0,0,0,0
39,2,0,1,0,0,0
39,2,0,0,0,0,0
39,2,0,1,0,0,0
39,2,0,0,0,0,0
39,2,0,0,0,0,0
39,2,0,0,0,0,0
39,2,0,0,0,0,0
39,2,0,0,0,0,0
39,2,0,0,0,0,0
39,2,0,0,0,0,0
39,2,0,0,0,0,0
39,2,0,0,0,0,0
39,2,0,0,0,0,0
39,2,0,0,0,0,0
42,2,0,0,0,0,0
42,2,0,0,0,0,0
42,2,0,0,0,0,0
42,2,0,0,0,0,0
42,2,0,0,0,0,0
42,2,0,0,0,0,0
42,2,0,0,0,0,0
42,2,0,0,0,0,0
43,2,1,0,0,0,0
43,2,1,0,0,0,0
43,2,1,0,0,0,0
43,2,1,0,0,0,0
43,2,1,0,0,0,0
43,2,1,0,0,0,0
43,2,1,0,0,0,0
43,2,1,0,0,0,0
44,2,1,1,0,0,0
44,2,1,0,0,0,0
44,2,1,0,0,0,0
44,2,1,0,0,0,0
44,2,1,0,0,0,0
44,2,1,1,0,0,0
44,2,1,0,0,0,0
44,2,1,1,0,0,0
44,2,1,1,0,0,0
44,2,1,0,0,0,0
44,2,1,0,1,0,0
44,2,1,1,0,0,0
44,2,1,1,0,0,0
44,2,1,1,1,0,0
44,2,1,1,1,0,0
44,2,1,1,0,0,0
44,2,1,1,0,0,0
44,2,1,1,0,0,0
44,2,1,0,0,0,0
44,2,1,0,0,0,0
44,2,1,0,0,0,0
44,2,1,0,0,0,0
45,2,0,1,0,0,0
45,2,0,1,1,0,0
45,2,0,1,0,0,0
45,2,0,1,0,0,0
45,2,0,1,0,0,0
45,2,0,1,0,0,0
45,2,0,1,0,0,0
45,2,0,1,0,0,0
45,2,0,1,0,0,0
45,2,0,1,0,0,0
46,2,1,1,0,0,0
46,2,1,1,0,0,0
47,2,0,1,0,0,0
47,2,0,0,0,0,0
47,2,0,1,0,0,0
47,2,0,1,0,0,0
48,2,0,1,0,0,0
48,2,0,0,0,0,0
50,2,0,0,0,0,0
50,2,0,1,0,0,0
50,2,0,1,0,0,0
50,2,0,1,0,0,0
50,2,0,1,0,0,0
50,2,0,1,0,0,0
50,2,0,1,0,0,0
50,2,0,0,0,0,0
50,2,0,0,0,0,0
51,2,1,0,0,0,0
51,2,1,0,0,0,0
51,2,1,0,0,0,0
52,2,0,1,1,0,0
52,2,0,1,0,0,0
52,2,0,0,0,0,0
52,2,0,1,0,0,0
52,2,0,1,0,0,0
52,2,0,1,0,0,0
52,2,0,1,0,0,0
52,2,0,0,0,0,0
52,2,0,1,0,0,0
52,2,0,1,0,0,0
52,2,0,1,0,0,0
52,2,0,1,0,0,0
52,2,0,1,0,0,0
52,2,0,0,0,0,0
52,2,0,0,0,0,0
52,2,0,0,0,0,0
52,2,0,0,0,0,0
52,2,0,0,0,0,0
53,2,1,1,0,0,0
53,2,1,0,0,0,0
53,2,1,0,0,0,0
53,2,1,0,0,0,0
53,2,1,0,0,0,0
54,2,0,0,0,0,0
54,2,0,1,0,0,0
54,2,0,0,0,0,0
54,2,0,0,0,0,0
54,2,0,1,0,0,0
54,2,0,0,0,0,0
54,2,0,1,0,0,0
54,2,0,1,0,0,0
54,2,0,1,0,0,0
54,2,0,1,0,0,0
54,2,0,1,0,0,0
54,2,0,1,0,0,0
56,2,0,0,0,0,0
58,2,0,0,0,0,0
58,2,0,0,0,0,0
58,2,0,1,0,0,0
58,2,0,0,0,0,0
59,2,1,1,0,0,0
59,2,1,1,0,0,0
59,2,1,1,0,0,0
60,2,0,1,0,0,0
60,2,0,1,0,0,0
60,2,0,0,0,0,0
60,2,0,0,0,0,0
60,2,0,1,0,0,0
60,2,0,0,0,0,0
60,2,0,1,0,0,0
60,2,0,0,0,0,0
60,2,0,0,0,0,0
60,2,0,1,0,0,0
60,2,0,1,0,0,0
60,2,0,1,0,0,0
61,2,1,1,0,0,0
61,2,1,0,0,0,0
61,2,1,0,0,0,0
61,2,1,1,0,0,0
61,2,1,1,0,0,0
61,2,1,1,0,0,0
63,2,0,1,0,0,0
63,2,0,1,0,0,0
66,2,0,1,0,0,0
66,2,0,1,0,0,0
67,2,1,1,0,0,0
67,2,1,1,0,0,0
67,2,1,1,0,0,0
67,2,1,1,0,0,0
67,2,1,1,0,0,0
67,2,1,1,0,0,0
68,2,0,1,0,0,0
68,2,0,0,0,0,0
68,2,0,0,0,0,0
68,2,0,1,0,0,0
68,2,0,0,0,0,0
68,2,0,1,0,0,0
68,2,0,1,0,0,0
68,2,0,1,0,0,0
68,2,0,1,0,0,0
68,2,0,1,0,0,0
68,2,0,0,0,0,0
68,2,0,1,0,0,0
68,2,0,1,0,0,0
68,2,0,0,0,0,0
68,2,0,0,0,0,0
68,2,0,1,0,0,0
68,2,0,0,0,0,0
68,2,0,0,0,0,0
69,2,1,1,0,0,0
69,2,1,1,0,0,0
69,2,1,1,0,0,0
69,2,1,1,0,0,0
69,2,1,1,0,0,0
69,2,1,1,0,0,0
69,2,1,0,0,0,0
69,2,1,1,0,0,0
69,2,1,1,0,0,0
69,2,1,1,0,0,0
69,2,1,1,0,0,0
70,2,0,1,0,0,0
70,2,0,1,0,0,0
70,2,0,0,0,0,0
70,2,0,1,0,0,0
70,2,0,0,0,0,0
70,2,0,1,0,0,0
70,2,0,1,0,0,0
70,2,0,1,0,0,0
70,2,0,1,0,0,0
70,2,0,1,0,0,0
70,2,0,1,0,0,0
70,2,0,0,0,0,0
70,2,0,0,0,0,0
70,2,0,1,0,0,0
70,2,0,0,0,0,0
71,2,1,1,0,0,0
72,2,1,1,0,0,0
72,2,1,0,0,0,0
72,2,1,0,0,0,0
72,2,1,1,0,0,0
72,2,1,1,0,0,0
72,2,1,1,0,0,0
73,2,0,1,0,0,0
73,2,0,1,0,0,0
74,2,1,0,0,0,0
74,2,1,1,0,0,0
74,2,1,1,0,0,0
74,2,1,1,0,0,0
74,2,1,1,0,0,0
74,2,1,1,0,0,0
74,2,1,1,0,0,0
74,2,1,1,0,0,0
74,2,1,1,0,0,0
74,2,1,1,0,0,0
74,2,1,1,0,0,0
77,2,1,0,0,0,0
77,2,1,0,0,0,0
77,2,1,0,0,0,0
77,2,1,0,0,0,0
77,2,1,0,0,0,0
77,2,1,0,0,0,0
77,2,1,0,0,0,0
77,2,1,0,0,0,0
77,2,1,0,0,0,0
77,2,1,0,0,0,0
78,2,1,1,0,0,0
81,2,0,0,0,0,0
82,2,0,1,0,0,0
82,2,0,1,0,0,0
82,2,0,1,0,0,0
82,2,0,1,0,0,0
82,2,0,0,0,0,0
82,2,0,0,0,0,0
82,2,0,1,0,0,0
85,2,1,1,0,0,0
86,2,0,1,1,0,0
86,2,0,1,0,0,0
86,2,0,1,0,0,0
86,2,0,1,0,0,0
86,2,0,1,0,0,0
86,2,0,0,0,0,0
86,2,0,1,0,0,0
86,2,0,1,0,0,0
87,2,1,1,0,0,0
87,2,1,1,0,0,0
87,2,1,1,0,0,0
87,2,1,1,0,0,0
87,2,1,1,0,0,0
90,2,0,0,0,0,0
90,2,0,1,0,0,0
90,2,0,0,0,0,0
92,2,1,0,0,0,0
92,2,1,0,0,0,0
92,2,1,0,0,0,0
92,2,1,0,0,0,0
94,2,0,0,0,0,0
94,2,0,0,0,0,0
94,2,0,0,1,0,0
94,2,0,0,1,0,0
94,2,0,0,0,0,0
94,2,0,0,1,0,0
94,2,0,0,0,0,0
94,2,0,1,0,0,0
94,2,0,1,0,0,0
94,2,0,1,0,0,0
95,2,1,1,0,0,0
95,2,1,1,0,0,0
95,2,1,0,0,0,0
95,2,1,0,0,0,0
95,2,1,1,0,0,0
95,2,1,1,0,0,0
95,2,1,1,0,0,0
95,2,1,1,0,0,0
96,2,0,0,0,0,0
96,2,0,1,0,0,0
98,2,0,0,0,0,0
98,2,0,1,0,0,0
98,2,0,1,0,0,0
98,2,0,1,0,0,0
98,2,0,1,0,0,0
98,2,0,1,0,0,0
98,2,0,1,0,0,0
98,2,0,1,0,0,0
98,2,0,1,0,0,0
98,2,0,1,0,0,0
98,2,0,1,0,0,0
99,2,1,0,0,0,0
99,2,1,1,0,0,0
99,2,1,1,0,0,0
99,2,1,1,0,0,0
99,2,1,1,0,0,0
99,2,1,1,0,0,0
99,2,1,1,0,0,0
99,2,1,1,0,0,0
99,2,1,1,0,0,0
99,2,1,1,0,0,0
99,2,1,1,0,0,0
99,2,1,1,0,0,0
99,2,1,1,0,0,0
100,2,0,0,0,0,0
100,2,0,0,0,0,0
100,2,0,0,0,0,0
100,2,0,1,0,0,0
101,2,1,0,1,0,0
101,2,1,0,0,0,0
101,2,1,0,1,0,0
101,2,1,0,0,0,0
101,2,1,0,1,0,0
101,2,1,0,0,0,0
101,2,1,0,0,0,0
101,2,1,1,1,0,0
101,2,1,1,0,0,0
101,2,1,1,0,0,0
101,2,1,1,0,0,0
101,2,1,1,0,0,0
101,2,1,1,0,0,0
101,2,1,1,0,0,0
101,2,1,1,0,0,0
101,2,1,0,0,0,0
102,2,0,1,0,0,0
102,2,0,1,0,0,0
102,2,0,0,0,0,0
102,2,0,0,0,0,0
102,2,0,1,0,0,0
102,2,0,1,0,0,0
102,2,0,0,0,0,0
102,2,0,0,0,0,0
102,2,0,1,0,0,0
102,2,0,0,0,0,0
102,2,0,0,0,0,0
102,2,0,0,0,0,0
102,2,0,1,0,0,0
104,2,0,0,0,0,0
104,2,0,0,0,0,0
104,2,0,1,0,0,0
104,2,0,0,0,0,0
104,2,0,0,0,0,0
104,2,0,0,0,0,0
104,2,0,0,0,0,0
104,2,0,1,0,0,0
104,2,0,0,0,0,0
104,2,0,1,0,0,0
104,2,0,1,0,0,0
104,2,0,1,0,0,0
104,2,0,1,0,0,0
104,2,0,1,0,0,0
105,2,1,0,0,0,0
105,2,1,0,0,0,0
105,2,1,0,0,0,0
105,2,1,1,0,0,0
106,2,0,1,0,0,0
107,2,1,0,0,0,0
107,2,1,1,0,0,0
107,2,1,1,0,0,0
107,2,1,0,0,0,0
107,2,1,0,0,0,0
107,2,1,1,0,0,0
107,2,1,1,0,0,0
107,2,1,1,0,0,0
107,2,1,0,0,0,0
107,2,1,0,0,0,0
107,2,1,0,0,0,0
107,2,1,0,0,0,0
108,2,0,0,0,0,0
108,2,0,0,1,0,0
108,2,0,0,0,0,0
108,2,0,0,0,0,0
108,2,0,0,0,0,0
108,2,0,0,0,0,0
108,2,0,0,0,0,0
109,2,1,0,0,0,0
109,2,1,0,0,0,0
109,2,1,0,0,0,0
109,2,1,0,0,0,0
109,2,1,1,0,0,0
109,2,1,1,0,0,0
109,2,1,1,0,0,0
109,2,1,1,0,0,0
109,2,1,1,0,0,0
109,2,1,1,0,0,0
109,2,1,1,0,0,0
109,2,1,1,0,0,0
109,2,1,1,0,0,0
109,2,1,0,0,0,0
110,2,1,0,0,0,0
110,2,1,0,0,0,0
110,2,1,0,0,0,0
110,2,1,0,0,0,0
110,2,1,0,0,0,0
110,2,1,0,0,0,0
110,2,1,0,0,0,0
110,2,1,0,0,0,0
110,2,1,0,0,0,0
110,2,1,0,0,0,0
111,2,0,1,0,0,0
111,2,0,0,0,0,0
111,2,0,0,0,0,0
111,2,0,1,0,0,0
111,2,0,1,0,0,0
111,2,0,1,0,0,0
111,2,0,1,0,0,0
111,2,0,1,0,0,0
111,2,0,1,0,0,0
111,2,0,1,0,0,0
111,2,0,1,0,0,0
111,2,0,1,0,0,0
111,2,0,1,0,0,0
111,2,0,1,0,0,0
111,2,0,1,0,0,0
111,2,0,1,0,0,0
111,2,0,1,0,0,0
112,2,1,0,0,0,0
112,2,1,0,0,0,0
112,2,1,0,0,0,0
112,2,1,0,0,0,0
112,2,1,0,0,0,0
112,2,1,0,0,0,0
112,2,0,0,0,0,0
112,2,1,0,0,0,0
112,2,1,0,0,0,0
113,2,0,0,0,0,0
113,2,0,1,0,0,0
113,2,0,0,0,0,0
113,2,0,1,0,0,0
113,2,0,0,0,0,0
113,2,0,1,0,0,0
113,2,0,1,0,0,0
113,2,0,1,0,0,0
113,2,0,1,0,0,0
113,2,0,0,0,0,0
113,2,0,1,0,0,0
113,2,0,1,0,0,0
113,2,0,1,0,0,0
113,2,0,1,0,0,0
7,3,0,1,1,0,0
13,3,1,1,0,0,0
15,3,1,1,1,0,0
15,3,1,0,1,0,0
15,3,1,0,0,0,0
15,3,1,0,1,0,0
15,3,1,1,1,0,0
15,3,1,0,1,0,0
15,3,1,0,1,0,0
15,3,1,0,1,0,0
15,3,1,0,0,0,0
15,3,1,1,0,0,0
15,3,1,0,1,0,0
15,3,1,1,0,0,0
15,3,1,1,0,0,0
24,3,1,1,0,0,0
24,3,1,1,0,0,0
26,3,0,1,0,0,0
26,3,0,1,0,0,0
26,3,0,1,0,0,0
26,3,0,1,0,0,0
26,3,0,1,0,0,0
26,3,0,1,0,0,0
30,3,1,1,0,0,0
30,3,1,1,0,0,0
30,3,1,1,0,0,0
30,3,1,1,0,0,0
31,3,1,0,0,0,0
31,3,1,1,0,0,0
31,3,1,1,0,0,0
31,3,1,1,0,0,0
31,3,1,1,0,0,0
31,3,1,1,0,0,0
31,3,1,1,0,0,0
51,3,1,1,0,0,0
51,3,1,1,0,0,0
53,3,1,1,0,0,0
53,3,1,1,0,0,0
53,3,1,1,0,0,0
53,3,1,1,0,0,0
53,3,1,0,0,0,0
53,3,1,0,1,0,0
53,3,1,0,0,0,0
53,3,1,1,0,0,0
53,3,1,0,0,0,0
53,3,1,0,0,0,0
53,3,1,1,0,0,0
53,3,1,1,0,0,0
53,3,1,1,0,0,0
53,3,1,1,0,0,0
53,3,1,1,0,0,0
53,3,1,1,0,0,0
53,3,1,1,0,0,0
53,3,1,0,0,0,0
53,3,1,0,1,0,0
53,3,1,0,0,0,0
53,3,1,1,0,0,0
53,3,1,1,0,0,0
53,3,1,1,0,0,0
53,3,1,1,0,0,0
53,3,1,1,0,0,0
53,3,1,1,0,0,0
53,3,1,0,0,0,0
53,3,1,1,0,0,0
55,3,1,1,0,0,0
55,3,1,1,0,0,0
55,3,1,1,0,0,0
55,3,1,1,0,0,0
59,3,1,1,0,0,0
59,3,1,1,0,0,0
59,3,1,1,0,0,0
59,3,1,1,0,0,0
59,3,1,1,0,0,0
59,3,1,1,0,0,0
59,3,1,1,0,0,0
59,3,1,1,0,0,0
59,3,1,1,0,0,0
59,3,1,1,0,0,0
59,3,1,1,0,0,0
59,3,1,1,0,0,0
59,3,1,1,0,0,0
59,3,1,1,0,0,0
59,3,1,1,0,0,0
59,3,1,1,0,0,0
59,3,1,1,0,0,0
59,3,1,1,0,0,0
59,3,1,1,0,0,0
59,3,1,1,0,0,0
59,3,1,1,0,0,0
61,3,1,1,0,0,0
61,3,1,1,0,0,0
61,3,1,1,0,0,0
61,3,1,1,0,0,0
61,3,1,1,0,0,0
61,3,1,1,0,0,0
61,3,1,1,0,0,0
61,3,1,1,0,0,0
61,3,1,1,0,0,0
61,3,1,1,0,0,0
61,3,1,1,0,0,0
61,3,1,1,0,0,0
61,3,1,1,0,0,0
61,3,1,1,0,0,0
61,3,1,1,0,0,0
61,3,1,1,0,0,0
61,3,1,1,0,0,0
61,3,1,1,0,0,0
67,3,1,1,0,0,0
71,3,1,1,0,0,0
71,3,1,1,0,0,0
71,3,1,1,0,0,0
71,3,1,0,1,0,0
71,3,1,1,0,0,0
77,3,1,1,1,0,0
106,3,0,0,1,0,0
106,3,0,1,1,0,0
106,3,0,1,1,0,0
106,3,0,1,0,0,0
106,3,0,1,0,0,0
106,3,0,1,1,0,0
106,3,0,0,0,0,0
106,3,0,0,1,0,0
106,3,0,1,0,0,0
106,3,0,1,0,0,0
106,3,0,1,0,0,0
12,4,0,0,0,0,0
17,4,0,0,1,0,0
17,4,0,0,0,0,0
17,4,0,0,1,0,0
62,4,1,1,0,0,1
62,4,1,1,0,0,1
62,4,1,0,1,0,1
63,4,0,1,0,0,1
66,4,0,1,1,0,1
66,4,0,1,0,0,1
72,4,1,1,0,0,1
74,4,1,0,0,0,1
77,4,1,0,0,0,0
77,4,1,0,1,0,0
79,4,0,0,1,0,0
79,4,0,1,1,0,0
11,5,1,0,1,0,0
11,5,1,0,1,0,0
12,5,0,0,1,0,0
12,5,0,0,1,0,0
12,5,0,0,0,0,0
12,5,0,1,0,0,0
12,5,0,1,1,0,0
12,5,0,0,1,0,0
12,5,0,0,1,0,0
12,5,0,0,0,0,0
12,5,0,1,0,0,0
12,5,0,1,0,0,0
12,5,0,0,0,0,0
12,5,0,0,0,0,0
12,5,0,0,0,0,0
12,5,0,0,0,0,0
12,5,0,0,0,0,0
12,5,0,0,0,0,0
12,5,0,0,0,0,0
12,5,0,0,0,0,0
12,5,0,0,0,0,0
12,5,0,0,0,0,0
13,5,1,1,0,0,0
13,5,1,1,0,0,0
13,5,1,1,0,0,0
13,5,1,1,0,0,0
13,5,1,0,0,0,0
14,5,0,0,1,0,0
14,5,0,0,1,0,0
14,5,0,0,0,0,0
14,5,0,0,1,0,0
14,5,0,0,1,0,0
14,5,0,0,1,0,0
14,5,0,1,0,0,0
14,5,0,1,1,0,0
14,5,0,1,0,0,0
14,5,0,0,1,0,0
14,5,0,1,1,0,0
14,5,0,0,1,0,0
14,5,0,0,0,0,0
15,5,1,0,0,0,0
15,5,1,0,0,0,0
15,5,1,0,1,0,0
15,5,1,0,0,0,0
15,5,1,0,0,0,0
15,5,1,0,0,0,0
15,5,1,0,1,0,0
15,5,1,0,1,0,0
15,5,1,0,0,0,0
15,5,1,0,0,0,0
15,5,1,0,0,0,0
15,5,1,0,0,0,0
15,5,1,0,1,0,0
15,5,1,0,0,0,0
15,5,1,0,0,0,0
15,5,1,0,1,0,0
15,5,1,0,1,0,0
15,5,1,0,1,0,0
15,5,1,0,1,0,0
15,5,1,0,0,0,0
16,5,0,1,0,0,0
16,5,0,0,0,0,0
16,5,0,1,0,0,0
16,5,0,1,0,0,0
16,5,0,1,0,0,0
16,5,0,1,0,0,0
16,5,0,1,0,0,0
16,5,0,1,0,0,0
16,5,0,0,0,0,0
16,5,0,0,1,0,0
16,5,0,1,0,0,0
16,5,0,0,1,0,0
16,5,0,1,0,0,0
16,5,0,1,0,0,0
16,5,0,1,0,0,0
16,5,0,1,0,0,0
16,5,0,1,0,0,0
16,5,0,1,0,0,0
16,5,0,1,0,0,0
16,5,0,1,0,0,0
16,5,0,1,0,0,0
17,5,0,0,0,0,0
17,5,0,0,0,0,0
17,5,0,0,0,0,0
17,5,0,0,1,0,0
17,5,0,1,0,0,0
17,5,0,0,1,0,0
17,5,0,0,0,0,0
17,5,0,0,1,0,0
17,5,0,1,0,0,0
17,5,0,0,0,0,0
17,5,0,0,1,0,0
17,5,0,0,0,0,0
17,5,0,0,0,0,0
17,5,0,0,0,0,0
17,5,0,0,0,0,0
17,5,0,0,1,0,0
17,5,0,0,1,0,0
17,5,0,0,1,0,0
17,5,0,1,0,0,0
17,5,0,0,0,0,0
18,5,1,1,1,0,0
18,5,1,1,1,0,0
18,5,1,1,0,0,0
18,5,1,1,0,0,0
18,5,1,1,0,0,0
18,5,1,1,0,0,0
18,5,1,1,0,0,0
18,5,1,1,0,0,0
18,5,1,1,1,0,0
18,5,1,1,0,0,0
18,5,1,1,0,0,0
18,5,1,1,0,0,0
18,5,1,1,0,0,0
19,5,0,0,1,0,0
19,5,0,0,1,0,0
19,5,0,0,1,0,0
19,5,0,0,1,0,0
19,5,0,0,0,0,0
19,5,0,0,1,0,0
19,5,0,0,0,0,0
19,5,0,1,0,0,0
19,5,0,1,0,0,0
20,5,0,0,0,0,0
20,5,0,0,0,0,0
20,5,1,0,1,0,0
20,5,1,1,0,0,0
21,5,0,0,1,0,0
21,5,0,0,0,0,0
21,5,0,1,0,0,0
24,5,1,1,0,0,0
24,5,1,0,1,0,0
24,5,1,0,1,0,0
24,5,1,1,0,0,0
24,5,1,1,0,0,0
24,5,1,1,0,0,0
24,5,1,0,1,0,0
24,5,1,1,0,0,0
24,5,1,1,0,0,0
24,5,1,1,0,0,0
24,5,1,1,0,0,0
24,5,1,0,0,0,0
24,5,1,0,1,0,0
24,5,1,1,0,0,0
24,5,1,1,0,0,0
24,5,1,1,0,0,0
24,5,1,0,0,0,0
24,5,1,0,1,0,0
24,5,1,1,0,0,0
24,5,1,1,0,0,0
24,5,1,0,0,0,0
24,5,1,1,0,0,0
24,5,1,1,0,0,0
24,5,1,1,0,0,0
24,5,1,1,0,0,0
24,5,1,1,0,0,0
24,5,1,1,0,0,0
24,5,1,1,0,0,0
24,5,1,1,0,0,0
24,5,1,1,0,0,0
24,5,1,1,0,0,0
24,5,1,1,0,0,0
24,5,1,1,0,0,0
24,5,1,0,1,0,0
24,5,1,1,0,0,0
24,5,1,1,0,0,0
26,5,1,0,0,0,1
26,5,1,0,1,0,1
26,5,1,0,0,0,1
26,5,1,0,0,0,1
26,5,1,0,0,0,1
26,5,1,0,0,0,1
26,5,1,0,1,0,1
26,5,1,0,0,0,1
26,5,1,0,1,0,1
26,5,1,0,0,0,1
26,5,1,0,1,0,1
26,5,1,0,0,0,1
26,5,1,0,1,0,1
26,5,1,0,0,0,1
27,5,1,0,0,0,1
27,5,0,0,0,0,1
27,5,0,0,0,0,1
27,5,0,0,0,0,1
27,5,0,0,0,0,1
27,5,0,0,0,0,1
27,5,0,0,0,0,1
27,5,0,0,0,0,1
27,5,0,0,0,0,1
27,5,0,0,0,0,1
29,5,1,1,0,0,0
29,5,1,1,0,0,0
29,5,1,1,0,0,0
29,5,1,1,0,0,0
29,5,1,1,0,0,0
29,5,1,1,0,0,0
29,5,1,1,0,0,0
29,5,1,1,0,0,0
29,5,1,1,0,0,0
29,5,1,1,0,0,0
29,5,1,1,0,0,0
29,5,1,1,0,0,0
29,5,1,1,0,0,0
29,5,1,1,0,0,0
29,5,1,1,0,0,0
29,5,1,1,0,0,0
29,5,1,1,0,0,0
29,5,1,1,0,0,0
29,5,1,1,0,0,0
29,5,1,1,0,0,0
29,5,1,1,0,0,0
29,5,1,1,0,0,0
29,5,1,1,0,0,0
30,5,0,0,0,0,1
30,5,0,0,0,0,1
30,5,0,1,1,0,1
30,5,0,0,1,0,1
30,5,0,1,0,0,1
30,5,0,1,0,0,1
30,5,0,1,0,0,1
30,5,0,1,0,0,1
30,5,0,1,0,0,1
30,5,0,1,0,0,1
30,5,0,0,0,0,1
30,5,0,0,0,0,1
30,5,0,0,0,0,1
30,5,0,1,0,0,1
30,5,0,0,1,0,1
30,5,0,1,0,0,1
30,5,0,0,0,0,1
30,5,0,1,0,0,1
30,5,0,1,0,0,1
30,5,0,1,0,0,1
31,5,1,0,0,0,1
31,5,1,0,0,0,1
31,5,1,0,1,0,1
31,5,1,1,0,0,1
31,5,1,0,0,0,1
31,5,1,1,0,0,1
31,5,1,0,0,0,1
31,5,1,0,0,0,1
31,5,1,1,0,0,1
31,5,1,1,0,0,1
31,5,1,0,1,0,1
32,5,0,0,0,0,0
32,5,0,0,0,0,0
32,5,0,0,0,0,0
32,5,0,0,0,0,0
32,5,0,0,0,0,0
32,5,0,1,0,0,0
32,5,0,0,0,0,0
32,5,0,0,0,0,0
32,5,0,0,0,0,0
32,5,0,0,0,0,0
32,5,0,0,0,0,0
32,5,0,0,0,0,0
32,5,0,0,0,0,0
33,5,1,0,1,0,0
33,5,1,0,0,0,0
33,5,1,0,0,0,0
33,5,1,1,0,0,0
33,5,1,1,0,0,0
33,5,1,1,0,0,0
33,5,1,1,0,0,0
33,5,1,0,0,0,0
33,5,1,0,0,0,0
33,5,1,0,0,0,0
33,5,1,0,0,0,0
33,5,1,0,0,0,0
33,5,1,0,0,0,0
33,5,1,0,1,0,0
33,5,1,0,0,0,0
33,5,1,0,1,0,0
33,5,1,0,1,0,0
33,5,1,0,1,0,0
33,5,1,0,1,0,0
33,5,1,0,1,0,0
33,5,1,1,0,0,0
33,5,1,0,0,0,0
33,5,1,0,0,0,0
34,5,0,1,1,0,1
35,5,1,0,0,0,1
35,5,1,0,0,0,1
35,5,1,0,0,0,1
36,5,0,1,0,0,0
36,5,0,1,0,0,0
36,5,0,1,0,0,0
36,5,0,1,0,0,0
36,5,0,1,0,0,0
36,5,0,1,0,0,0
36,5,0,1,0,0,0
36,5,0,1,0,0,0
36,5,0,0,1,0,0
36,5,0,1,0,0,0
36,5,0,1,0,0,0
36,5,0,1,0,0,0
36,5,0,1,0,0,0
36,5,0,1,0,0,0
36,5,0,0,0,0,0
37,5,1,1,0,0,0
37,5,1,1,0,0,0
37,5,1,1,0,0,0
37,5,1,1,0,0,0
37,5,1,1,0,0,0
37,5,1,0,0,0,0
37,5,1,1,0,0,0
37,5,1,1,0,0,0
37,5,1,1,0,0,0
37,5,1,1,0,0,0
37,5,1,1,0,0,0
37,5,1,0,0,0,0
37,5,1,0,0,0,0
37,5,1,0,0,0,0
37,5,1,1,0,0,0
37,5,1,1,0,0,0
37,5,1,1,0,0,0
37,5,1,1,0,0,0
37,5,1,0,0,0,0
37,5,1,1,0,0,0
39,5,0,0,0,0,0
39,5,0,0,1,0,0
39,5,0,0,0,0,0
39,5,0,0,0,0,0
39,5,0,1,0,0,0
39,5,0,0,0,0,0
39,5,0,0,0,0,0
39,5,0,0,0,0,0
39,5,0,0,0,0,0
39,5,0,0,0,0,0
39,5,0,0,0,0,0
39,5,0,0,0,0,0
39,5,0,0,0,0,0
39,5,0,1,0,0,0
39,5,0,1,0,0,0
39,5,0,0,1,0,0
39,5,0,0,0,0,0
39,5,0,0,0,0,0
39,5,0,0,0,0,0
39,5,0,0,1,0,0
39,5,0,0,0,0,0
39,5,0,0,0,0,0
39,5,0,0,0,0,0
40,5,1,0,0,0,0
40,5,1,0,0,0,0
40,5,1,1,0,0,0
40,5,1,1,1,0,0
40,5,1,0,1,0,0
40,5,1,1,1,0,0
40,5,1,1,0,0,0
40,5,1,1,1,0,0
40,5,1,1,0,0,0
40,5,1,1,0,0,0
40,5,1,1,0,0,0
40,5,1,1,0,0,0
40,5,1,1,0,0,0
40,5,1,1,0,0,0
40,5,1,1,0,0,0
40,5,1,1,0,0,0
41,5,0,1,0,0,0
41,5,0,1,0,0,0
41,5,0,1,0,0,0
41,5,0,1,0,0,0
41,5,0,1,0,0,0
41,5,0,1,0,0,0
41,5,0,1,0,0,0
41,5,0,1,0,0,0
41,5,0,1,0,0,0
41,5,0,1,0,0,0
41,5,0,0,0,0,0
41,5,0,1,1,0,0
41,5,0,1,0,0,0
41,5,0,1,1,0,0
41,5,0,1,0,0,0
41,5,0,1,0,0,0
41,5,0,1,0,0,0
41,5,0,1,0,0,0
41,5,0,0,1,0,0
41,5,0,1,0,0,0
41,5,0,1,0,0,0
41,5,0,1,0,0,0
41,5,0,1,0,0,0
41,5,0,1,0,0,0
41,5,0,1,0,0,0
41,5,0,1,0,0,0
41,5,0,1,0,0,0
43,5,1,0,0,0,0
43,5,1,0,0,0,0
43,5,1,0,1,0,0
43,5,1,0,1,0,0
43,5,1,0,1,0,0
43,5,1,0,0,0,0
43,5,1,0,0,0,0
43,5,1,0,0,0,0
43,5,1,0,0,0,0
43,5,1,0,0,0,0
43,5,1,0,0,0,0
43,5,1,0,0,0,0
43,5,1,1,0,0,0
43,5,1,0,1,0,0
43,5,1,0,0,0,0
43,5,1,0,1,0,0
43,5,1,0,0,0,0
43,5,1,0,0,0,0
43,5,1,1,0,0,0
43,5,1,0,1,0,0
43,5,1,1,0,0,0
43,5,1,0,0,0,0
44,5,0,0,0,0,0
44,5,0,0,0,0,0
44,5,0,0,0,0,0
44,5,1,1,0,0,0
44,5,1,0,1,0,0
44,5,1,1,0,0,0
44,5,1,1,0,0,0
44,5,1,1,0,0,0
44,5,1,1,0,0,0
44,5,0,0,0,0,0
44,5,0,1,1,0,0
44,5,0,0,0,0,0
44,5,0,1,1,0,0
44,5,1,1,0,0,0
45,5,0,0,0,0,0
45,5,0,0,0,0,0
45,5,0,0,0,0,0
45,5,0,1,0,0,0
45,5,0,0,0,0,0
45,5,0,0,1,0,0
45,5,0,1,0,0,0
45,5,0,1,0,0,0
45,5,0,1,0,0,0
45,5,0,0,0,0,0
45,5,0,0,0,0,0
45,5,0,1,0,0,0
45,5,0,1,0,0,0
45,5,0,1,0,0,0
45,5,0,0,1,0,0
45,5,0,0,0,0,0
45,5,0,0,1,0,0
45,5,0,0,1,0,0
45,5,0,0,0,0,0
45,5,0,1,1,0,0
45,5,0,1,0,0,0
45,5,0,0,0,0,0
45,5,0,1,0,0,0
45,5,0,1,0,0,0
45,5,0,1,0,0,0
45,5,0,1,0,0,0
45,5,0,1,0,0,0
46,5,1,1,1,0,0
47,5,0,0,0,0,0
47,5,0,1,0,0,0
47,5,0,0,1,0,0
48,5,0,1,0,0,0
48,5,0,1,0,0,0
48,5,0,1,0,0,0
48,5,0,1,0,0,0
48,5,0,1,0,0,0
48,5,0,1,0,0,0
48,5,0,0,0,0,0
48,5,0,1,0,0,0
48,5,0,1,0,0,0
48,5,0,1,0,0,0
48,5,0,1,0,0,0
48,5,0,1,0,0,0
48,5,0,1,0,0,0
48,5,0,1,0,0,0
48,5,0,1,0,0,0
48,5,0,1,0,0,0
48,5,0,1,0,0,0
48,5,0,0,0,0,0
48,5,0,1,0,0,0
48,5,0,1,0,0,0
48,5,0,1,0,0,0
50,5,0,0,0,0,0
50,5,0,0,1,0,0
50,5,0,1,0,0,0
50,5,0,0,0,0,0
50,5,0,1,0,0,0
50,5,0,1,0,0,0
50,5,0,1,0,0,0
50,5,0,1,0,0,0
50,5,0,1,0,0,0
50,5,0,1,0,0,0
50,5,0,0,0,0,0
50,5,0,1,0,0,0
50,5,0,1,1,0,0
50,5,0,0,1,0,0
50,5,0,1,0,0,0
50,5,0,1,0,0,0
50,5,0,1,1,0,0
50,5,0,1,0,0,0
50,5,0,1,0,0,0
50,5,0,1,0,0,0
51,5,1,0,1,0,0
51,5,1,0,0,0,0
51,5,1,0,1,0,0
51,5,1,0,1,0,0
51,5,1,0,0,0,0
51,5,1,0,0,0,0
51,5,1,0,0,0,0
51,5,1,1,0,0,0
51,5,1,0,1,0,0
51,5,1,0,1,0,0
51,5,1,0,1,0,0
51,5,1,0,1,0,0
51,5,1,1,1,0,0
51,5,1,0,0,0,0
51,5,1,1,0,0,0
51,5,1,1,0,0,0
51,5,1,1,0,0,0
52,5,0,1,1,0,0
52,5,0,1,0,0,0
52,5,0,1,0,0,0
52,5,0,1,0,0,0
52,5,0,1,0,0,0
52,5,0,1,0,0,0
52,5,0,1,0,0,0
52,5,0,1,0,0,0
53,5,1,0,0,0,0
53,5,1,0,1,0,0
53,5,1,0,0,0,0
53,5,1,0,0,0,0
53,5,1,0,0,0,0
53,5,1,0,0,0,0
53,5,1,0,1,0,0
53,5,1,1,0,0,0
53,5,1,0,0,0,0
53,5,1,0,0,0,0
53,5,1,0,0,0,0
53,5,1,0,0,0,0
53,5,1,0,1,0,0
53,5,1,0,1,0,0
53,5,1,0,0,0,0
53,5,1,0,0,0,0
53,5,1,0,0,0,0
53,5,1,0,1,0,0
53,5,1,1,1,0,0
53,5,1,0,0,0,0
53,5,1,0,0,0,0
54,5,0,0,0,0,0
54,5,0,1,0,0,0
54,5,0,1,0,0,0
54,5,0,1,0,0,0
54,5,0,0,1,0,0
54,5,0,1,1,0,0
54,5,0,1,0,0,0
54,5,0,0,0,0,0
54,5,0,1,0,0,0
54,5,0,1,0,0,0
55,5,0,0,1,0,0
55,5,0,1,1,0,0
55,5,0,0,0,0,0
55,5,0,1,0,0,0
55,5,0,0,0,0,0
55,5,0,0,1,0,0
55,5,0,1,0,0,0
55,5,0,1,0,0,0
55,5,1,1,0,0,0
55,5,0,1,0,0,0
55,5,0,1,0,0,0
55,5,0,1,1,0,0
56,5,0,1,0,0,0
56,5,0,1,0,0,0
56,5,0,1,0,0,0
56,5,0,1,0,0,0
56,5,0,1,0,0,0
56,5,0,1,0,0,0
56,5,0,1,0,0,0
56,5,0,1,0,0,0
56,5,0,1,0,0,0
56,5,0,1,0,0,0
56,5,0,1,0,0,0
56,5,0,1,0,0,0
56,5,0,1,0,0,0
56,5,0,1,0,0,0
56,5,0,1,0,0,0
56,5,0,1,0,0,0
56,5,0,1,0,0,0
56,5,0,1,0,0,0
56,5,0,1,0,0,0
56,5,0,1,0,0,0
56,5,0,1,0,0,0
56,5,0,1,0,0,0
56,5,0,1,0,0,0
56,5,0,1,0,0,0
56,5,0,1,0,0,0
57,5,1,1,0,0,0
57,5,1,1,0,0,0
60,5,0,0,0,0,0
60,5,0,0,0,0,0
60,5,0,0,0,0,0
60,5,0,0,0,0,0
60,5,0,1,0,0,0
60,5,0,1,0,0,0
60,5,0,1,0,0,0
60,5,0,1,0,0,0
60,5,0,0,0,0,0
60,5,0,1,0,0,0
60,5,0,1,1,0,0
60,5,0,1,0,0,0
60,5,0,1,0,0,0
60,5,0,1,0,0,0
60,5,0,1,1,0,0
60,5,0,1,0,0,0
61,5,1,0,0,0,0
61,5,0,0,0,0,0
61,5,0,0,0,0,0
61,5,0,0,1,0,0
61,5,0,0,1,0,0
61,5,0,0,0,0,0
61,5,0,0,0,0,0
61,5,0,1,0,0,0
61,5,0,0,0,0,0
61,5,1,1,0,0,0
61,5,1,1,0,0,0
61,5,1,0,0,0,0
61,5,1,0,1,0,0
61,5,1,0,1,0,0
61,5,1,0,1,0,0
61,5,1,0,0,0,0
63,5,0,1,0,0,1
63,5,0,1,0,0,1
63,5,0,1,0,0,1
65,5,0,1,0,0,1
65,5,0,1,0,0,1
65,5,0,1,0,0,1
66,5,1,1,0,0,1
66,5,1,1,0,0,1
66,5,1,1,0,0,1
66,5,1,1,0,0,1
66,5,1,1,0,0,1
66,5,1,1,0,0,1
66,5,1,0,0,0,1
66,5,1,1,0,0,1
66,5,1,0,1,0,1
66,5,1,1,0,0,1
66,5,1,1,0,0,1
66,5,1,1,0,0,1
66,5,1,1,0,0,1
66,5,1,1,0,0,1
66,5,1,1,0,0,1
66,5,1,1,0,0,1
66,5,1,1,0,0,1
66,5,1,1,1,0,1
66,5,1,0,0,0,1
66,5,1,1,0,0,1
66,5,1,1,0,0,1
66,5,1,1,0,0,1
66,5,1,1,0,0,1
66,5,1,1,0,0,1
66,5,1,1,0,0,1
66,5,1,1,0,0,1
66,5,1,1,0,0,1
66,5,1,1,1,0,1
66,5,1,1,0,0,1
66,5,1,1,0,0,1
66,5,1,1,0,0,1
66,5,1,0,1,0,1
67,5,0,0,1,0,1
68,5,0,1,0,0,1
68,5,0,1,0,0,1
68,5,0,1,1,0,1
68,5,0,0,0,0,1
69,5,1,0,0,0,1
69,5,1,1,0,0,1
69,5,1,1,0,0,1
69,5,1,1,0,0,1
69,5,1,1,0,0,1
70,5,0,0,0,0,0
70,5,0,0,1,0,0
70,5,0,1,1,0,0
70,5,0,1,0,0,0
70,5,0,1,0,0,0
70,5,0,1,0,0,0
70,5,0,0,1,0,0
70,5,0,0,0,0,0
71,5,1,0,1,0,0
71,5,1,0,1,0,0
71,5,1,0,1,0,0
71,5,1,1,0,0,0
71,5,1,1,0,0,0
71,5,1,0,1,0,0
71,5,1,1,1,0,0
71,5,1,1,0,0,0
71,5,1,1,0,0,0
71,5,1,0,1,0,0
71,5,1,1,0,0,0
71,5,1,1,0,0,0
71,5,1,0,0,0,0
71,5,1,0,1,0,0
71,5,1,1,0,0,0
71,5,1,0,0,0,0
71,5,1,1,0,0,0
71,5,1,1,0,0,0
71,5,1,0,1,0,0
71,5,1,1,0,0,0
71,5,1,1,1,0,0
72,5,1,1,0,0,1
72,5,1,1,0,0,1
74,5,1,0,1,0,1
74,5,1,0,1,0,1
74,5,1,1,0,0,1
74,5,1,1,0,0,1
74,5,1,1,0,0,1
74,5,1,1,0,0,1
74,5,1,1,0,0,1
74,5,1,1,0,0,1
74,5,1,1,0,0,1
74,5,1,1,0,0,1
74,5,1,1,0,0,1
74,5,1,1,0,0,1
74,5,1,1,0,0,1
74,5,1,1,0,0,1
74,5,1,1,0,0,1
74,5,1,1,0,0,1
74,5,1,1,0,0,1
74,5,1,1,0,0,1
74,5,1,1,0,0,1
74,5,1,1,0,0,1
74,5,1,1,0,0,1
74,5,1,1,0,0,1
75,5,0,0,0,0,1
75,5,0,1,0,0,1
75,5,0,1,0,0,1
75,5,0,1,0,0,1
75,5,0,1,0,0,1
75,5,0,1,0,0,1
75,5,0,1,0,0,1
75,5,0,0,0,0,1
75,5,0,0,0,0,1
75,5,0,1,0,0,1
75,5,0,1,0,0,1
75,5,0,1,0,0,1
75,5,0,1,0,0,1
75,5,0,1,0,0,1
75,5,0,1,0,0,1
75,5,0,1,0,0,1
75,5,0,1,0,0,1
75,5,0,1,0,0,1
75,5,0,1,0,0,1
76,5,0,1,0,0,0
76,5,0,1,0,0,0
76,5,0,1,0,0,0
77,5,1,1,0,0,0
78,5,1,1,0,0,0
78,5,1,1,0,0,0
78,5,1,1,0,0,0
78,5,1,1,0,0,0
78,5,1,1,0,0,0
78,5,1,1,0,0,0
79,5,0,1,0,0,0
79,5,0,1,1,0,0
79,5,0,1,0,0,0
79,5,0,0,0,0,0
83,5,1,1,1,0,0
83,5,1,1,0,0,0
83,5,1,0,1,0,0
83,5,1,1,0,0,0
83,5,1,1,0,0,0
83,5,1,1,0,0,0
90,5,0,0,1,0,0
90,5,0,0,0,0,0
90,5,0,0,1,0,0
90,5,0,1,0,0,0
90,5,0,1,0,0,0
90,5,0,1,0,0,0
90,5,0,1,0,0,0
90,5,0,0,1,0,0
90,5,0,1,0,0,0
90,5,0,1,0,0,0
99,5,1,1,0,0,0
99,5,1,1,0,0,0
99,5,1,1,0,0,0
99,5,1,1,0,0,0
99,5,1,1,0,0,0
99,5,1,1,0,0,0
99,5,1,1,0,0,0
99,5,1,1,0,0,0
99,5,1,1,0,0,0
99,5,1,1,0,0,0
100,5,0,1,1,0,0
100,5,0,1,0,0,0
100,5,0,1,0,0,0
100,5,0,1,0,0,0
100,5,0,1,0,0,0
100,5,0,1,0,0,0
100,5,0,1,0,0,0
101,5,1,1,0,0,0
101,5,1,1,0,0,0
101,5,1,1,0,0,0
101,5,1,1,0,0,0
101,5,1,1,0,0,0
101,5,1,1,0,0,0
101,5,1,1,0,0,0
101,5,1,1,0,0,0
101,5,1,1,0,0,0
101,5,1,1,0,0,0
101,5,1,0,1,0,0
101,5,1,1,0,0,0
101,5,1,1,0,0,0
101,5,1,1,0,0,0
101,5,1,1,0,0,0
103,5,1,1,0,0,0
103,5,1,0,0,0,0
110,5,0,0,0,0,0
110,5,0,0,0,0,0
110,5,0,0,0,0,0
110,5,0,0,0,0,0
110,5,0,0,0,0,0
110,5,0,0,0,0,0
110,5,0,0,0,0,0
110,5,0,0,0,0,0
110,5,0,0,0,0,0
110,5,0,0,0,0,0
110,5,0,0,0,0,0
110,5,0,0,0,0,0
110,5,0,0,0,0,0
110,5,0,0,0,0,0
110,5,0,0,0,0,0
110,5,0,0,0,0,0
110,5,0,0,0,0,0
111,5,0,0,0,0,0
111,5,0,0,0,0,0
111,5,0,1,0,0,0
111,5,0,0,1,0,0
111,5,0,1,0,0,0
111,5,0,1,0,0,0
111,5,0,1,0,0,0
111,5,0,1,0,0,0
111,5,0,1,0,0,0
111,5,0,1,0,0,0
111,5,0,1,0,0,0
111,5,0,1,0,0,0
111,5,0,1,0,0,0
111,5,0,1,0,0,0
111,5,0,1,0,0,0
111,5,0,1,0,0,0
111,5,0,1,0,0,0
111,5,0,1,0,0,0
111,5,0,1,0,0,0
112,5,1,1,0,0,0
12,6,0,0,0,0,0
12,6,0,1,0,0,0
12,6,0,0,1,0,0
12,6,0,1,0,0,0
12,6,0,0,0,0,0
12,6,0,1,0,0,0
12,6,0,1,0,0,0
12,6,0,1,0,0,0
12,6,0,0,0,0,0
12,6,0,1,0,0,0
12,6,0,1,0,0,0
12,6,0,1,0,0,0
14,6,0,0,0,0,0
14,6,0,0,0,0,0
14,6,0,1,0,0,0
14,6,0,1,0,0,0
14,6,0,1,0,0,0
14,6,0,0,0,0,0
14,6,0,0,1,0,0
14,6,0,1,0,0,0
14,6,0,1,0,0,0
14,6,0,1,0,0,0
14,6,0,1,0,0,0
14,6,0,0,0,0,0
14,6,0,0,1,0,0
14,6,0,1,0,0,0
14,6,0,1,0,0,0
14,6,0,1,0,0,0
14,6,0,1,0,0,0
16,6,0,1,0,0,0
16,6,0,1,0,0,0
16,6,0,0,0,0,0
16,6,0,1,0,0,0
16,6,0,1,0,0,0
16,6,0,1,0,0,0
16,6,0,0,0,0,0
17,6,0,1,0,0,0
17,6,0,1,0,0,0
17,6,0,1,0,0,0
17,6,0,1,0,0,0
17,6,0,1,0,0,0
17,6,0,1,0,0,0
17,6,0,1,0,0,0
17,6,0,1,0,0,0
17,6,0,0,1,0,0
17,6,0,1,0,0,0
17,6,0,0,0,0,0
17,6,0,1,0,0,0
17,6,0,1,0,0,0
17,6,0,0,0,0,0
17,6,0,0,0,0,0
17,6,0,1,0,0,0
17,6,0,1,0,0,0
17,6,0,0,0,0,0
19,6,0,1,0,0,0
19,6,0,1,0,0,0
19,6,0,0,0,0,0
19,6,0,0,0,0,0
19,6,0,1,0,0,0
19,6,0,1,0,0,0
19,6,0,1,0,0,0
19,6,0,1,0,0,0
19,6,0,0,0,0,0
19,6,0,1,0,0,0
19,6,0,0,0,0,0
19,6,0,0,0,0,0
21,6,0,1,0,0,0
21,6,0,1,0,0,0
21,6,0,1,0,0,0
21,6,0,1,0,0,0
21,6,0,1,0,0,0
21,6,0,1,0,0,0
21,6,0,1,0,0,0
21,6,0,1,0,0,0
21,6,0,1,0,0,0
21,6,0,1,0,0,0
21,6,0,1,0,0,0
21,6,0,1,0,0,0
21,6,0,1,0,0,0
21,6,0,1,0,0,0
21,6,0,1,0,0,0
22,6,1,1,0,0,0
27,6,0,1,0,0,1
27,6,0,1,0,0,1
27,6,0,1,0,0,1
27,6,0,1,0,0,1
28,6,0,1,0,0,0
28,6,0,1,0,0,0
28,6,0,1,0,0,0
28,6,0,0,1,0,0
28,6,0,1,0,0,0
30,6,0,0,1,0,1
32,6,0,0,0,0,0
32,6,0,1,0,0,0
32,6,0,0,0,0,0
32,6,0,0,1,0,0
32,6,0,0,0,0,0
32,6,0,1,0,0,0
32,6,0,0,0,0,0
32,6,0,1,0,0,0
32,6,0,1,0,0,0
32,6,0,1,0,0,0
32,6,0,1,0,0,0
32,6,0,1,0,0,0
32,6,0,1,0,0,0
32,6,0,0,0,0,0
32,6,0,1,0,0,0
32,6,0,0,0,0,0
32,6,0,0,1,0,0
32,6,0,0,0,0,0
32,6,0,0,0,0,0
32,6,0,0,0,0,0
32,6,0,0,1,0,0
32,6,0,0,0,0,0
32,6,0,1,0,0,0
32,6,0,0,0,0,0
32,6,0,0,0,0,0
32,6,0,0,0,0,0
34,6,0,0,0,0,1
34,6,0,0,0,0,1
34,6,0,1,0,0,1
34,6,0,1,0,0,1
34,6,0,1,0,0,1
34,6,0,0,0,0,1
34,6,0,0,0,0,1
34,6,0,0,1,0,1
34,6,0,0,0,0,1
34,6,0,1,0,0,1
34,6,0,1,0,0,1
36,6,0,1,0,0,0
36,6,0,1,0,0,0
36,6,0,1,0,0,0
36,6,0,1,0,0,0
36,6,0,1,0,0,0
36,6,0,1,0,0,0
36,6,0,1,0,0,0
36,6,0,1,0,0,0
36,6,0,1,0,0,0
41,6,0,1,0,0,0
41,6,0,1,0,0,0
41,6,0,1,0,0,0
41,6,0,1,0,0,0
41,6,0,1,0,0,0
41,6,0,1,0,0,0
41,6,0,1,0,0,0
41,6,0,1,0,0,0
41,6,0,1,0,0,0
41,6,0,1,0,0,0
41,6,0,0,0,0,0
41,6,0,1,0,0,0
41,6,0,1,0,0,0
41,6,0,1,0,0,0
41,6,0,1,0,0,0
41,6,0,1,0,0,0
41,6,0,1,0,0,0
41,6,0,1,0,0,0
41,6,0,1,1,0,0
41,6,0,1,0,0,0
41,6,0,1,0,0,0
41,6,0,1,0,0,0
47,6,0,1,0,0,0
47,6,0,1,0,0,0
47,6,0,1,0,0,0
47,6,0,1,0,0,0
47,6,0,1,0,0,0
47,6,0,1,0,0,0
48,6,0,0,0,0,0
48,6,0,0,0,0,0
48,6,0,1,0,0,0
48,6,0,1,0,0,0
48,6,0,0,0,0,0
48,6,0,0,0,0,0
48,6,0,0,0,0,0
48,6,0,1,0,0,0
48,6,0,1,0,0,0
48,6,0,0,0,0,0
48,6,0,0,1,0,0
48,6,0,0,0,0,0
48,6,0,0,0,0,0
48,6,0,0,0,0,0
48,6,0,0,0,0,0
48,6,0,1,0,0,0
48,6,0,1,0,0,0
48,6,0,1,0,0,0
48,6,0,1,0,0,0
50,6,0,0,1,0,0
50,6,0,1,0,0,0
50,6,0,1,0,0,0
50,6,0,1,0,0,0
50,6,0,0,0,0,0
50,6,0,1,0,0,0
52,6,0,0,0,0,0
52,6,0,1,0,0,0
52,6,0,1,0,0,0
52,6,0,1,0,0,0
52,6,0,0,0,0,0
52,6,0,1,0,0,0
52,6,0,1,0,0,0
54,6,0,1,0,0,0
54,6,0,0,1,0,0
54,6,0,1,0,0,0
54,6,0,1,0,0,0
54,6,0,1,0,0,0
56,6,0,1,0,0,0
56,6,0,0,1,0,0
56,6,0,1,0,0,0
56,6,0,1,0,0,0
56,6,0,1,0,0,0
58,6,0,0,0,0,0
58,6,0,0,0,0,0
58,6,0,0,0,0,0
58,6,0,0,0,0,0
58,6,0,1,0,0,0
58,6,0,1,0,0,0
58,6,0,0,1,0,0
58,6,0,0,0,0,0
58,6,0,0,0,0,0
63,6,0,0,0,0,1
63,6,0,0,0,0,1
63,6,0,1,0,0,1
63,6,0,1,0,0,1
63,6,0,0,0,0,1
63,6,0,1,0,0,1
63,6,0,0,0,0,1
63,6,0,1,0,0,1
63,6,0,1,0,0,1
63,6,0,1,0,0,1
66,6,0,1,0,0,1
66,6,0,0,0,0,1
68,6,0,1,0,0,1
68,6,0,1,0,0,1
68,6,0,1,0,0,1
68,6,0,1,0,0,1
68,6,0,1,0,0,1
68,6,0,1,0,0,1
68,6,0,1,0,0,1
68,6,0,1,0,0,1
68,6,0,1,0,0,1
68,6,0,1,0,0,1
68,6,0,1,0,0,1
68,6,0,1,0,0,1
68,6,0,1,0,0,1
68,6,0,1,0,0,1
68,6,0,0,0,0,1
68,6,0,0,0,0,1
68,6,0,1,0,0,1
68,6,0,1,0,0,1
68,6,0,1,0,0,1
68,6,0,1,0,0,1
68,6,0,1,0,0,1
68,6,0,1,0,0,1
68,6,0,1,0,0,1
68,6,0,1,0,0,1
68,6,0,0,0,0,1
70,6,0,0,0,0,0
70,6,0,0,0,0,0
70,6,0,1,0,0,0
70,6,0,0,0,0,0
70,6,0,0,0,0,0
70,6,0,1,0,0,0
70,6,0,1,1,0,0
70,6,0,0,0,0,0
70,6,0,1,0,0,0
70,6,0,0,0,0,0
70,6,0,1,0,0,0
70,6,0,1,0,0,0
70,6,0,1,0,0,0
70,6,0,1,0,0,0
70,6,0,0,0,0,0
70,6,0,1,0,0,0
70,6,0,0,0,0,0
70,6,0,1,0,0,0
70,6,0,1,0,0,0
70,6,0,0,0,0,0
70,6,0,1,0,0,0
70,6,0,1,0,0,0
70,6,0,1,0,0,0
70,6,0,0,0,0,0
70,6,0,1,0,0,0
76,6,0,0,0,0,0
76,6,0,0,0,0,0
76,6,0,0,0,0,0
76,6,0,1,0,0,0
76,6,0,1,0,0,0
76,6,0,1,0,0,0
76,6,0,1,0,0,0
76,6,0,1,0,0,0
76,6,0,1,0,0,0
98,6,0,1,0,0,0
100,6,0,0,0,0,0
102,6,0,1,0,0,0
111,6,0,1,0,0,0
111,6,0,1,0,0,0
113,6,0,1,0,0,0
113,6,0,1,0,0,0
113,6,0,1,0,0,0
113,6,0,1,0,0,0
113,6,0,1,0,0,0
113,6,0,1,0,0,0
113,6,0,1,0,0,0
113,6,0,1,0,0,0
111,7,0,1,0,0,0
111,7,0,0,0,0,0
111,7,0,1,0,0,0
111,7,0,0,0,0,0
111,7,0,1,0,0,0
111,7,0,0,0,0,0
111,7,0,1,0,0,0
111,7,0,0,0,0,0
111,7,0,1,0,0,0
111,7,0,0,0,0,0
111,7,0,1,0,0,0
111,7,0,0,0,0,0
111,7,0,1,0,0,0
111,7,0,0,0,0,0
113,7,0,1,0,0,0
113,7,0,1,0,0,0
113,7,0,1,0,0,0
113,7,0,1,0,0,0
113,7,0,1,0,0,0
113,7,0,1,0,0,0
113,7,0,1,0,0,0
113,7,0,1,0,0,0
113,7,0,1,0,0,0
12,7,0,1,0,0,0
12,7,0,0,0,0,0
12,7,0,0,0,0,0
12,7,0,1,0,0,0
12,7,0,0,0,0,0
12,7,0,1,1,0,0
12,7,0,1,0,0,0
12,7,0,1,1,0,0
12,7,0,1,0,0,0
12,7,0,1,0,0,0
12,7,0,1,0,0,0
14,7,0,0,1,0,0
14,7,0,0,1,0,0
14,7,0,0,1,0,0
14,7,0,0,1,0,0
14,7,0,1,0,0,0
14,7,0,0,1,0,0
14,7,0,1,0,0,0
14,7,0,0,0,0,0
14,7,0,0,1,0,0
16,7,0,0,0,0,0
16,7,0,0,1,0,0
16,7,0,0,1,0,0
16,7,0,0,0,0,0
16,7,0,0,1,0,0
16,7,0,0,1,0,0
16,7,0,0,0,0,0
16,7,0,1,0,0,0
16,7,0,0,1,0,0
16,7,0,1,1,0,0
16,7,0,0,1,0,0
16,7,0,1,0,0,0
19,7,0,0,0,0,0
19,7,0,0,1,0,0
19,7,0,1,1,0,0
19,7,0,1,0,0,0
19,7,0,1,0,0,0
19,7,0,0,0,0,0
19,7,0,1,0,0,0
19,7,0,1,0,0,0
21,7,0,1,0,0,0
21,7,0,0,0,0,0
21,7,0,1,0,0,0
21,7,0,0,0,0,0
28,7,0,1,0,0,0
28,7,0,0,0,0,0
28,7,0,0,0,0,0
28,7,0,1,0,0,0
28,7,0,1,0,0,0
28,7,0,1,0,0,0
28,7,0,1,0,0,0
28,7,0,0,0,0,0
28,7,0,0,0,0,0
28,7,0,1,0,0,0
28,7,0,0,0,0,0
28,7,0,0,0,0,0
28,7,0,0,0,0,0
28,7,0,0,0,0,0
28,7,0,0,0,0,0
28,7,0,0,0,0,0
28,7,0,0,0,0,0
28,7,0,0,0,0,0
29,7,1,1,0,0,0
29,7,1,1,0,0,0
29,7,1,1,0,0,0
29,7,1,1,0,0,0
29,7,1,1,1,0,0
29,7,1,0,0,0,0
30,7,0,1,0,0,1
30,7,0,0,0,0,1
30,7,0,1,0,0,1
32,7,0,0,0,0,0
32,7,0,0,1,0,0
32,7,0,0,0,0,0
32,7,0,1,0,0,0
32,7,0,1,0,0,0
32,7,0,1,0,0,0
32,7,0,0,1,0,0
34,7,0,1,0,0,1
34,7,0,1,0,0,1
34,7,0,1,0,0,1
36,7,0,1,0,0,0
36,7,0,1,0,0,0
36,7,0,1,0,0,0
36,7,0,1,0,0,0
36,7,0,1,0,0,0
36,7,0,0,0,0,0
36,7,0,0,0,0,0
36,7,0,0,0,0,0
36,7,0,0,0,0,0
36,7,0,1,0,0,0
36,7,0,0,0,0,0
36,7,0,1,0,0,0
36,7,0,1,0,0,0
36,7,0,1,0,0,0
36,7,0,1,0,0,0
36,7,0,1,0,0,0
36,7,0,0,0,0,0
36,7,0,1,1,0,0
36,7,0,0,0,0,0
36,7,0,0,0,0,0
36,7,0,0,0,0,0
36,7,0,1,0,0,0
36,7,0,0,0,0,0
36,7,0,1,0,0,0
36,7,0,0,0,0,0
43,7,1,1,0,0,0
43,7,1,1,0,0,0
43,7,1,1,0,0,0
43,7,1,1,0,0,0
44,7,1,1,0,0,0
44,7,1,0,0,0,0
44,7,1,0,0,0,0
44,7,1,1,0,0,0
44,7,1,0,0,0,0
45,7,0,1,0,0,0
45,7,0,1,0,0,0
45,7,0,1,0,0,0
45,7,0,1,0,0,0
45,7,0,1,0,0,0
47,7,0,0,0,0,0
47,7,0,1,0,0,0
50,7,0,0,0,0,0
50,7,0,0,0,0,0
50,7,0,1,0,0,0
50,7,0,1,0,0,0
50,7,0,1,0,0,0
50,7,0,1,0,0,0
50,7,0,0,0,0,0
50,7,0,0,0,0,0
50,7,0,1,0,0,0
50,7,0,1,0,0,0
50,7,0,1,0,0,0
50,7,0,0,0,0,0
50,7,0,1,0,0,0
50,7,0,1,0,0,0
50,7,0,1,0,0,0
50,7,0,1,0,0,0
51,7,1,0,0,0,0
51,7,1,1,0,0,0
51,7,1,1,0,0,0
51,7,1,1,0,0,0
51,7,1,1,0,0,0
51,7,1,1,0,0,0
51,7,1,1,0,0,0
51,7,1,0,0,0,0
51,7,1,0,0,0,0
51,7,1,0,0,0,0
51,7,1,1,0,0,0
51,7,1,0,0,0,0
51,7,1,0,1,0,0
51,7,1,1,1,0,0
51,7,1,1,1,0,0
51,7,1,1,0,0,0
51,7,1,0,0,0,0
51,7,1,1,0,0,0
51,7,1,1,0,0,0
51,7,1,0,0,0,0
52,7,0,0,1,0,0
52,7,0,0,0,0,0
52,7,0,1,0,0,0
53,7,1,1,1,0,0
53,7,1,0,0,0,0
53,7,1,0,1,0,0
53,7,1,0,1,0,0
53,7,1,0,1,0,0
53,7,1,0,0,0,0
53,7,1,0,0,0,0
53,7,1,1,0,0,0
53,7,1,0,0,0,0
53,7,1,0,1,0,0
53,7,1,1,0,0,0
53,7,1,0,0,0,0
53,7,1,0,1,0,0
53,7,1,1,0,0,0
53,7,1,0,0,0,0
53,7,1,1,0,0,0
53,7,1,1,0,0,0
53,7,1,0,0,0,0
53,7,1,1,0,0,0
53,7,1,1,0,0,0
53,7,1,0,0,0,0
53,7,1,1,0,0,0
53,7,1,0,1,0,0
53,7,1,1,0,0,0
54,7,0,1,0,0,0
54,7,0,1,0,0,0
56,7,0,1,0,0,0
56,7,0,1,0,0,0
56,7,0,1,0,0,0
56,7,0,1,0,0,0
56,7,0,1,0,0,0
56,7,0,1,0,0,0
56,7,0,1,0,0,0
56,7,0,1,0,0,0
56,7,0,1,0,0,0
56,7,0,1,0,0,0
57,7,1,1,0,0,0
59,7,1,0,0,0,0
59,7,1,1,0,0,0
59,7,1,0,0,0,0
59,7,1,1,1,0,0
59,7,1,1,0,0,0
59,7,1,1,0,0,0
59,7,1,1,0,0,0
59,7,1,0,0,0,0
59,7,1,0,1,0,0
59,7,1,1,0,0,0
59,7,1,1,0,0,0
59,7,1,1,0,0,0
59,7,1,1,0,0,0
59,7,1,1,0,0,0
59,7,1,1,0,0,0
59,7,1,1,0,0,0
59,7,1,1,0,0,0
59,7,1,1,0,0,0
59,7,1,1,0,0,0
59,7,1,1,0,0,0
59,7,1,1,0,0,0
59,7,1,1,0,0,0
59,7,1,1,0,0,0
59,7,1,1,0,0,0
59,7,1,1,0,0,0
59,7,1,1,0,0,0
61,7,1,0,1,0,0
61,7,1,0,0,0,0
61,7,1,0,0,0,0
61,7,1,1,1,0,0
61,7,1,1,0,0,0
61,7,1,1,0,0,0
61,7,1,1,0,0,0
61,7,1,1,0,0,0
61,7,1,1,0,0,0
61,7,1,0,0,0,0
61,7,1,1,0,0,0
61,7,1,0,0,0,0
61,7,1,0,0,0,0
61,7,1,1,0,0,0
61,7,1,1,0,0,0
61,7,1,1,0,0,0
61,7,1,0,0,0,0
61,7,1,0,0,0,0
61,7,1,0,0,0,0
61,7,1,0,0,0,0
61,7,1,0,1,0,0
61,7,1,0,0,0,0
61,7,1,1,0,0,0
61,7,1,1,0,0,0
61,7,1,0,0,0,0
61,7,1,0,0,0,0
62,7,1,0,0,0,1
62,7,1,0,1,0,1
62,7,1,1,0,0,1
62,7,1,1,0,0,1
62,7,1,1,0,0,1
62,7,1,1,0,0,1
62,7,1,0,0,0,1
62,7,1,1,0,0,1
62,7,1,1,0,0,1
62,7,1,1,0,0,1
62,7,1,1,0,0,1
62,7,1,1,0,0,1
62,7,1,1,0,0,1
62,7,1,1,0,0,1
62,7,1,1,0,0,1
62,7,1,1,0,0,1
62,7,1,1,0,0,1
62,7,1,1,0,0,1
62,7,1,1,0,0,1
62,7,1,1,0,0,1
62,7,1,1,0,0,1
62,7,1,1,0,0,1
62,7,1,1,0,0,1
62,7,1,1,0,0,1
66,7,0,1,0,0,1
66,7,0,0,0,0,1
66,7,0,0,1,0,1
67,7,1,0,0,0,1
67,7,1,0,0,0,1
67,7,1,1,0,0,1
68,7,0,1,0,0,1
68,7,0,0,0,0,1
68,7,0,1,0,0,1
68,7,0,0,0,0,1
68,7,0,1,0,0,1
68,7,0,1,0,0,1
68,7,0,1,0,0,1
68,7,0,0,0,0,1
68,7,0,1,0,0,1
69,7,1,1,0,0,1
69,7,1,1,0,0,1
70,7,0,0,0,0,0
70,7,0,0,0,0,0
70,7,0,1,0,0,0
70,7,0,0,0,0,0
70,7,0,0,0,0,0
70,7,0,0,0,0,0
70,7,0,0,0,0,0
70,7,0,0,0,0,0
70,7,0,0,0,0,0
70,7,0,0,0,0,0
70,7,0,0,0,0,0
70,7,0,0,0,0,0
70,7,0,0,0,0,0
70,7,0,0,0,0,0
70,7,0,1,0,0,0
71,7,1,0,0,0,0
71,7,1,0,0,0,0
71,7,1,0,0,0,0
71,7,1,1,0,0,0
71,7,1,0,0,0,0
71,7,1,0,0,0,0
71,7,1,1,0,0,0
71,7,1,1,0,0,0
72,7,1,0,0,0,1
75,7,0,0,0,0,1
76,7,0,0,0,0,0
76,7,0,0,0,0,0
76,7,0,1,0,0,0
77,7,1,0,0,0,0
77,7,1,0,0,0,0
78,7,1,1,0,0,0
78,7,1,1,0,0,0
79,7,0,0,0,0,0
79,7,0,1,0,0,0
79,7,0,1,0,0,0
79,7,0,1,0,0,0
80,7,1,1,0,0,0
90,7,0,0,0,0,0
90,7,0,0,0,0,0
100,7,0,1,0,0,0
101,7,1,0,0,0,0
101,7,1,0,0,0,0
101,7,1,0,0,0,0
101,7,1,0,0,0,0
101,7,1,0,0,0,0
101,7,1,0,0,0,0
101,7,1,0,0,0,0
101,7,1,0,0,0,0
102,7,0,1,0,0,0
102,7,0,1,0,0,0
111,8,0,0,1,0,0
111,8,0,0,0,0,0
111,8,0,1,0,0,0
111,8,0,1,0,0,0
111,8,0,1,0,0,0
113,8,0,0,0,0,0
12,8,0,0,1,0,0
12,8,0,0,0,0,0
12,8,0,0,0,0,0
12,8,0,1,0,0,0
12,8,0,1,0,0,0
12,8,0,1,0,0,0
12,8,0,1,0,0,0
12,8,0,0,0,0,0
14,8,0,0,0,0,0
14,8,0,0,0,0,0
14,8,0,0,0,0,0
14,8,0,0,0,0,0
14,8,0,1,0,0,0
14,8,0,0,0,0,0
14,8,0,0,1,0,0
14,8,0,1,0,0,0
14,8,0,0,0,0,0
16,8,0,1,0,0,0
16,8,0,0,1,0,0
16,8,0,0,0,0,0
16,8,0,1,0,0,0
16,8,0,0,1,0,0
16,8,0,0,0,0,0
17,8,0,0,1,0,0
17,8,0,0,1,0,0
17,8,0,0,0,0,0
17,8,0,0,1,0,0
17,8,0,0,1,0,0
19,8,0,0,0,0,0
19,8,0,1,0,0,0
19,8,0,0,0,0,0
19,8,0,1,0,0,0
19,8,0,0,0,0,0
19,8,0,0,0,0,0
19,8,0,1,0,0,0
19,8,0,0,1,0,0
21,8,0,0,1,0,0
21,8,0,0,1,0,0
21,8,0,0,1,0,0
21,8,0,0,0,0,0
21,8,0,0,1,0,0
23,8,0,0,0,0,0
28,8,0,1,0,0,0
28,8,0,0,1,0,0
28,8,0,0,0,0,0
28,8,0,1,0,0,0
28,8,0,0,1,0,0
28,8,0,1,0,0,0
28,8,0,1,0,0,0
28,8,0,1,0,0,0
30,8,0,0,0,0,1
31,8,1,1,0,0,1
32,8,0,1,0,0,0
32,8,0,1,0,0,0
32,8,0,0,1,0,0
32,8,0,0,1,0,0
32,8,0,1,0,0,0
32,8,0,0,1,0,0
32,8,0,0,1,0,0
32,8,0,0,0,0,0
32,8,0,0,1,0,0
36,8,0,0,0,0,0
36,8,0,1,0,0,0
36,8,0,0,0,0,0
39,8,0,1,0,0,0
39,8,0,1,0,0,0
39,8,0,1,0,0,0
39,8,0,1,0,0,0
39,8,0,1,0,0,0
39,8,0,0,1,0,0
39,8,0,0,0,0,0
39,8,0,0,1,0,0
41,8,0,0,0,0,0
41,8,0,1,0,0,0
41,8,0,0,0,0,0
41,8,0,1,0,0,0
41,8,0,0,1,0,0
41,8,0,0,1,0,0
41,8,0,1,0,0,0
41,8,0,1,0,0,0
41,8,0,0,1,0,0
41,8,0,0,0,0,0
41,8,0,1,0,0,0
41,8,0,0,1,0,0
41,8,0,1,0,0,0
42,8,0,0,1,0,0
42,8,0,0,0,0,0
42,8,0,0,0,0,0
42,8,0,0,1,0,0
42,8,0,0,0,0,0
42,8,0,0,0,0,0
42,8,0,0,0,0,0
42,8,0,0,0,0,0
45,8,0,0,0,0,0
45,8,0,1,0,0,0
45,8,0,0,1,0,0
45,8,0,1,0,0,0
47,8,0,1,0,0,0
47,8,0,0,0,0,0
47,8,0,1,0,0,0
47,8,0,1,0,0,0
48,8,0,0,1,0,0
48,8,0,0,0,0,0
48,8,0,1,0,0,0
48,8,0,0,0,0,0
48,8,0,0,0,0,0
48,8,0,0,0,0,0
48,8,0,1,0,0,0
48,8,0,0,1,0,0
48,8,0,0,0,0,0
48,8,0,0,1,0,0
48,8,0,0,0,0,0
50,8,0,1,0,0,0
50,8,0,1,0,0,0
50,8,0,0,1,0,0
52,8,0,0,0,0,0
52,8,0,1,0,0,0
52,8,0,0,0,0,0
52,8,0,0,0,0,0
54,8,0,1,0,0,0
54,8,0,1,0,0,0
54,8,0,0,0,0,0
54,8,0,0,1,0,0
56,8,0,0,0,0,0
56,8,0,0,0,0,0
56,8,0,1,0,0,0
58,8,0,1,0,0,0
58,8,0,1,0,0,0
58,8,0,0,0,0,0
58,8,0,0,0,0,0
58,8,0,0,0,0,0
63,8,0,0,1,0,1
63,8,0,1,0,0,1
65,8,0,0,0,0,1
65,8,0,1,0,0,1
66,8,0,1,0,0,1
66,8,0,1,0,0,1
70,8,0,0,1,0,0
70,8,0,0,1,0,0
70,8,0,0,1,0,0
70,8,0,0,1,0,0
73,8,0,0,1,0,1
73,8,0,0,1,0,1
73,8,0,0,1,0,1
73,8,0,0,0,0,1
73,8,0,1,0,0,1
73,8,0,0,0,0,1
73,8,0,0,1,0,1
73,8,0,0,1,0,1
73,8,0,0,1,0,1
73,8,0,0,0,0,1
73,8,0,1,0,0,1
76,8,0,1,0,0,0
76,8,0,1,0,0,0
76,8,0,1,0,0,0
79,8,0,0,1,0,0
79,8,0,0,1,0,0
90,8,0,0,0,0,0
90,8,0,0,0,0,0
90,8,0,0,0,0,0
90,8,0,0,0,0,0
90,8,0,0,0,0,0
90,8,0,0,0,0,0
98,8,0,0,0,0,0
98,8,0,1,0,0,0
98,8,0,1,0,0,0
98,8,0,0,0,0,0
98,8,0,0,0,0,0
98,8,0,0,0,0,0
98,8,0,0,0,0,0
100,8,0,0,0,0,0
100,8,0,1,0,0,0
100,8,0,1,0,0,0
100,8,0,0,0,0,0
100,8,0,0,0,0,0
102,8,0,0,0,0,0
102,8,0,0,1,0,0
110,9,1,0,0,0,0
110,9,1,0,0,0,0
113,9,0,1,0,0,0
12,9,0,0,0,0,0
12,9,0,0,1,0,0
12,9,0,0,1,0,0
12,9,0,0,1,0,0
12,9,0,0,0,0,0
12,9,0,0,1,0,0
12,9,0,0,0,0,0
12,9,0,1,0,0,0
12,9,0,1,0,0,0
12,9,0,1,0,0,0
12,9,0,1,0,0,0
12,9,0,1,0,0,0
12,9,0,1,0,0,0
12,9,0,0,0,0,0
12,9,0,0,1,0,0
14,9,0,1,0,0,0
14,9,0,1,0,0,0
16,9,0,0,0,0,0
16,9,0,1,0,0,0
16,9,0,0,0,0,0
16,9,0,0,1,0,0
16,9,0,0,0,0,0
16,9,0,1,0,0,0
16,9,0,1,0,0,0
16,9,0,1,0,0,0
16,9,0,0,1,0,0
16,9,0,1,0,0,0
16,9,0,1,0,0,0
16,9,0,1,0,0,0
16,9,0,0,0,0,0
16,9,0,0,0,0,0
16,9,0,0,0,0,0
16,9,0,0,0,0,0
16,9,0,1,0,0,0
16,9,0,1,0,0,0
16,9,0,0,0,0,0
16,9,0,1,0,0,0
17,9,0,1,0,0,0
17,9,0,0,1,0,0
17,9,0,1,0,0,0
17,9,0,0,0,0,0
17,9,0,0,0,0,0
17,9,0,0,0,0,0
17,9,0,1,0,0,0
17,9,0,1,0,0,0
17,9,0,0,0,0,0
17,9,0,1,0,0,0
17,9,0,1,0,0,0
17,9,0,1,0,0,0
17,9,0,1,0,0,0
17,9,0,1,0,0,0
17,9,0,0,0,0,0
17,9,0,1,0,0,0
17,9,0,1,0,0,0
17,9,0,0,0,0,0
17,9,0,0,0,0,0
17,9,0,1,0,0,0
17,9,0,1,0,0,0
17,9,0,1,0,0,0
17,9,0,0,0,0,0
19,9,0,0,1,0,0
19,9,0,0,0,0,0
19,9,0,0,1,0,0
19,9,0,0,0,0,0
19,9,0,0,0,0,0
19,9,0,0,0,0,0
19,9,0,0,0,0,0
19,9,0,1,0,0,0
19,9,0,0,0,0,0
19,9,0,0,0,0,0
19,9,0,1,0,0,0
19,9,0,1,0,0,0
19,9,0,1,0,0,0
19,9,0,1,0,0,0
19,9,0,1,0,0,0
19,9,0,0,0,0,0
19,9,0,0,0,0,0
19,9,0,0,0,0,0
19,9,0,0,0,0,0
21,9,0,0,0,0,0
21,9,0,0,0,0,0
21,9,0,1,0,0,0
21,9,0,0,0,0,0
21,9,0,0,0,0,0
26,9,1,0,0,0,1
26,9,1,1,0,0,1
26,9,1,1,0,0,1
26,9,1,1,0,0,1
26,9,1,0,0,0,1
26,9,1,1,0,0,1
26,9,1,0,0,0,1
26,9,1,1,0,0,1
26,9,1,1,0,0,1
26,9,1,0,0,0,1
26,9,1,1,0,0,1
26,9,1,1,0,0,1
26,9,1,1,0,0,1
26,9,1,0,0,0,1
26,9,1,0,0,0,1
26,9,1,0,0,0,1
26,9,1,0,0,0,1
26,9,1,0,0,0,1
26,9,1,0,0,0,1
26,9,1,1,0,0,1
26,9,1,1,0,0,1
26,9,1,1,0,0,1
26,9,1,0,0,0,1
26,9,1,0,0,0,1
26,9,1,0,0,0,1
26,9,1,0,0,0,1
26,9,1,0,0,0,1
26,9,1,0,0,0,1
26,9,1,0,0,0,1
28,9,0,1,0,0,0
28,9,0,0,0,0,0
28,9,0,0,0,0,0
28,9,0,0,0,0,0
28,9,0,1,0,0,0
28,9,0,1,0,0,0
28,9,0,1,0,0,0
28,9,0,1,0,0,0
28,9,0,1,0,0,0
28,9,0,1,0,0,0
28,9,0,1,0,0,0
30,9,0,1,0,0,1
30,9,0,1,0,0,1
30,9,0,1,0,0,1
30,9,0,1,0,0,1
30,9,0,1,0,0,1
30,9,0,1,0,0,1
30,9,0,1,0,0,1
30,9,0,1,0,0,1
31,9,1,0,0,0,1
31,9,1,1,0,0,1
31,9,1,1,0,0,1
31,9,1,1,0,0,1
31,9,1,0,0,0,1
31,9,1,1,0,0,1
31,9,1,1,0,0,1
31,9,1,0,0,0,1
31,9,1,0,0,0,1
31,9,1,0,0,0,1
31,9,1,0,0,0,1
31,9,1,0,0,0,1
31,9,1,0,0,0,1
31,9,1,0,0,0,1
31,9,1,0,0,0,1
31,9,1,0,0,0,1
31,9,1,0,0,0,1
31,9,1,1,0,0,1
31,9,1,0,0,0,1
31,9,1,0,0,0,1
31,9,1,0,0,0,1
31,9,1,0,0,0,1
31,9,1,0,0,0,1
31,9,1,0,0,0,1
31,9,1,0,0,0,1
32,9,0,1,0,0,0
32,9,0,1,0,0,0
32,9,0,1,0,0,0
32,9,0,0,0,0,0
32,9,0,0,0,0,0
32,9,0,0,0,0,0
32,9,0,0,1,0,0
33,9,1,0,0,0,0
33,9,1,0,0,0,0
35,9,1,0,0,0,1
35,9,1,0,0,0,1
36,9,0,0,0,0,0
36,9,0,0,0,0,0
36,9,0,0,0,0,0
37,9,1,1,0,0,0
37,9,1,0,0,0,0
37,9,1,0,0,0,0
37,9,1,0,0,0,0
37,9,1,0,0,0,0
37,9,1,0,0,0,0
37,9,1,1,0,0,0
37,9,1,0,0,0,0
37,9,1,0,0,0,0
37,9,1,1,0,0,0
37,9,1,1,0,0,0
37,9,1,1,0,0,0
37,9,1,1,0,0,0
37,9,1,1,0,0,0
37,9,1,1,0,0,0
37,9,1,1,0,0,0
37,9,1,1,0,0,0
37,9,1,1,0,0,0
37,9,1,1,0,0,0
37,9,1,1,0,0,0
37,9,1,1,0,0,0
37,9,1,0,0,0,0
37,9,1,1,0,0,0
39,9,0,1,0,0,0
39,9,0,1,0,0,0
39,9,0,1,0,0,0
40,9,1,0,0,0,0
40,9,1,0,0,0,0
40,9,1,0,0,0,0
41,9,0,1,0,0,0
41,9,0,0,0,0,0
41,9,0,1,0,0,0
41,9,0,1,0,0,0
41,9,0,1,0,0,0
41,9,0,0,0,0,0
41,9,0,1,0,0,0
41,9,0,1,0,0,0
42,9,0,0,0,0,0
42,9,0,0,0,0,0
42,9,0,0,0,0,0
42,9,0,1,0,0,0
42,9,0,1,0,0,0
42,9,0,1,0,0,0
42,9,0,0,0,0,0
43,9,1,1,0,0,0
43,9,1,0,0,0,0
43,9,1,0,0,0,0
43,9,1,1,0,0,0
43,9,1,0,0,0,0
43,9,1,1,0,0,0
43,9,1,0,0,0,0
43,9,1,0,0,0,0
43,9,1,0,0,0,0
43,9,1,0,0,0,0
44,9,0,0,0,0,0
44,9,0,1,0,0,0
44,9,0,0,0,0,0
44,9,0,0,0,0,0
44,9,0,0,0,0,0
44,9,0,0,0,0,0
44,9,0,0,0,0,0
44,9,0,0,0,0,0
44,9,0,0,0,0,0
44,9,0,0,0,0,0
44,9,0,0,0,0,0
44,9,0,0,0,0,0
44,9,0,0,0,0,0
44,9,0,0,0,0,0
45,9,0,0,0,0,0
45,9,0,1,0,0,0
45,9,0,0,0,0,0
45,9,0,0,1,0,0
47,9,0,1,0,0,0
47,9,0,1,0,0,0
48,9,0,1,0,0,0
48,9,0,1,0,0,0
48,9,0,0,0,0,0
48,9,0,1,0,0,0
48,9,0,1,0,0,0
50,9,0,1,0,0,0
50,9,0,1,0,0,0
50,9,0,1,0,0,0
50,9,0,1,0,0,0
50,9,0,0,0,0,0
50,9,0,1,0,0,0
50,9,0,1,0,0,0
50,9,0,0,0,0,0
50,9,0,1,0,0,0
50,9,0,1,0,0,0
50,9,0,1,0,0,0
50,9,0,0,0,0,0
50,9,0,1,0,0,0
50,9,0,1,0,0,0
51,9,1,0,0,0,0
51,9,1,0,0,0,0
52,9,0,0,0,0,0
52,9,0,0,0,0,0
52,9,0,0,0,0,0
53,9,1,1,0,0,0
53,9,1,1,0,0,0
53,9,1,1,0,0,0
53,9,1,1,0,0,0
53,9,1,1,0,0,0
53,9,1,1,0,0,0
53,9,1,1,0,0,0
53,9,1,1,0,0,0
53,9,1,1,0,0,0
53,9,1,1,0,0,0
53,9,1,0,0,0,0
53,9,1,0,0,0,0
53,9,1,0,0,0,0
53,9,1,0,0,0,0
53,9,1,0,0,0,0
53,9,1,0,0,0,0
53,9,1,0,0,0,0
53,9,1,1,0,0,0
53,9,1,1,0,0,0
53,9,1,0,0,0,0
53,9,1,1,0,0,0
53,9,1,1,0,0,0
53,9,1,1,0,0,0
53,9,1,1,0,0,0
53,9,1,0,0,0,0
53,9,1,0,0,0,0
53,9,1,1,0,0,0
53,9,1,0,0,0,0
53,9,1,0,0,0,0
53,9,1,0,0,0,0
53,9,1,0,0,0,0
54,9,0,0,0,0,0
54,9,0,0,0,0,0
54,9,0,1,0,0,0
54,9,0,1,0,0,0
54,9,0,0,0,0,0
54,9,0,1,0,0,0
54,9,0,0,0,0,0
54,9,0,1,0,0,0
54,9,0,0,0,0,0
54,9,0,1,0,0,0
54,9,0,1,0,0,0
54,9,0,0,0,0,0
54,9,0,1,0,0,0
54,9,0,1,0,0,0
54,9,0,1,0,0,0
54,9,0,1,0,0,0
54,9,0,1,0,0,0
55,9,1,0,0,0,0
55,9,1,1,0,0,0
55,9,1,0,0,0,0
55,9,1,1,0,0,0
56,9,0,1,0,0,0
59,9,1,0,0,0,0
60,9,0,0,0,0,0
60,9,0,0,0,0,0
60,9,0,1,0,0,0
60,9,0,1,0,0,0
60,9,0,1,0,0,0
60,9,0,0,0,0,0
61,9,1,0,0,0,0
61,9,1,0,0,0,0
61,9,1,0,0,0,0
61,9,1,0,0,0,0
62,9,1,0,0,0,1
62,9,1,0,0,0,1
62,9,1,0,0,0,1
62,9,1,0,0,0,1
62,9,1,0,0,0,1
62,9,1,0,0,0,1
63,9,0,1,0,0,1
65,9,0,1,0,0,1
65,9,0,0,1,0,1
65,9,0,0,0,0,1
65,9,0,1,0,0,1
66,9,0,1,0,0,1
66,9,0,0,0,0,1
66,9,0,0,0,0,1
66,9,0,1,0,0,1
66,9,0,1,0,0,1
67,9,1,0,0,0,1
68,9,0,1,0,0,1
68,9,0,1,0,0,1
69,9,1,0,0,0,1
69,9,1,0,0,0,1
70,9,0,0,0,0,0
70,9,0,1,0,0,0
70,9,0,1,0,0,0
70,9,0,1,0,0,0
70,9,0,0,1,0,0
70,9,0,0,0,0,0
70,9,0,0,0,0,0
70,9,0,0,1,0,0
70,9,0,1,0,0,0
70,9,0,1,0,0,0
70,9,0,0,1,0,0
70,9,0,1,0,0,0
70,9,0,1,0,0,0
70,9,0,1,0,0,0
71,9,1,0,0,0,0
71,9,1,0,0,0,0
71,9,1,0,0,0,0
71,9,1,0,0,0,0
71,9,1,0,0,0,0
71,9,1,0,0,0,0
71,9,1,0,0,0,0
71,9,1,0,0,0,0
71,9,1,0,0,0,0
71,9,1,0,0,0,0
71,9,1,0,0,0,0
71,9,1,0,0,0,0
71,9,1,0,0,0,0
73,9,0,1,0,0,1
73,9,0,1,0,0,1
73,9,0,1,0,0,1
73,9,0,1,0,0,1
73,9,0,1,0,0,1
73,9,0,1,0,0,1
73,9,0,0,1,0,1
73,9,0,0,0,0,1
73,9,0,0,0,0,1
73,9,0,0,1,0,1
73,9,0,0,1,0,1
73,9,0,0,0,0,1
73,9,0,0,1,0,1
73,9,0,1,0,0,1
73,9,0,0,0,0,1
73,9,0,1,0,0,1
73,9,0,0,1,0,1
73,9,0,0,0,0,1
73,9,0,0,0,0,1
73,9,0,0,0,0,1
73,9,0,0,0,0,1
73,9,0,0,1,0,1
73,9,0,0,0,0,1
73,9,0,1,0,0,1
73,9,0,1,0,0,1
73,9,0,1,0,0,1
73,9,0,1,0,0,1
73,9,0,1,0,0,1
73,9,0,1,0,0,1
76,9,0,0,0,0,0
76,9,0,0,1,0,0
76,9,0,0,1,0,0
76,9,0,0,1,0,0
76,9,0,0,0,0,0
77,9,1,0,0,0,0
77,9,1,0,0,0,0
78,9,1,1,0,0,0
78,9,1,1,0,0,0
79,9,0,1,0,0,0
79,9,0,1,0,0,0
79,9,0,1,0,0,0
79,9,0,1,0,0,0
79,9,0,1,0,0,0
79,9,0,1,0,0,0
79,9,0,1,0,0,0
79,9,0,1,0,0,0
79,9,0,1,0,0,0
79,9,0,1,0,0,0
79,9,0,1,0,0,0
79,9,0,1,0,0,0
79,9,0,1,0,0,0
79,9,0,1,0,0,0
79,9,0,1,0,0,0
79,9,0,1,0,0,0
79,9,0,1,0,0,0
83,9,1,1,0,0,0
83,9,1,1,0,0,0
83,9,1,1,0,0,0
83,9,1,1,0,0,0
83,9,1,1,0,0,0
83,9,1,1,0,0,0
83,9,1,1,0,0,0
83,9,1,1,0,0,0
83,9,1,1,0,0,0
83,9,1,1,0,0,0
83,9,1,1,0,0,0
83,9,1,1,0,0,0
83,9,1,1,0,0,0
83,9,1,1,0,0,0
83,9,1,0,0,0,0
83,9,1,1,0,0,0
83,9,1,1,0,0,0
83,9,1,1,0,0,0
83,9,1,1,0,0,0
90,9,0,1,0,0,0
90,9,0,0,1,0,0
90,9,0,0,0,0,0
90,9,0,0,1,0,0
90,9,0,1,0,0,0
90,9,0,1,0,0,0
90,9,0,1,0,0,0
90,9,0,1,0,0,0
90,9,0,1,0,0,0
90,9,0,1,0,0,0
90,9,0,0,1,0,0
90,9,0,0,0,0,0
90,9,0,0,0,0,0
90,9,0,0,0,0,0
91,9,1,0,0,0,0
91,9,1,0,0,0,0
91,9,1,0,0,0,0
98,9,0,1,0,0,0
100,9,0,1,0,0,0
101,9,1,0,0,0,0
101,9,1,0,0,0,0
101,9,1,0,0,0,0
101,9,1,0,0,0,0
101,9,1,0,0,0,0
