Tree,Treecode,Species,Infested,Year
M0-2,111,0,0,2
M0-2,111,0,0,2
M0-2,111,0,0,2
M0-2,111,0,0,2
M0-2,111,0,0,5
M0-2,111,0,1,5
M0-2,111,0,0,5
M0-2,111,0,0,5
M0-2,111,0,1,5
M0-2,111,0,0,5
M0-2,111,0,1,5
M0-2,111,0,0,5
M0-2,111,0,1,5
M0-2,111,0,0,7
M0-2,111,0,0,8
M0-3,112,0,0,2
M0-3,112,0,1,4
M0-3,112,1,0,5
M0-3,112,1,0,5
M0-4,113,0,0,2
M0-4,113,0,0,2
M0-4,113,0,0,2
M0-4,113,0,0,2
M0-4,113,1,1,4
M0-4,113,0,1,5
M0-4,113,1,0,8
M0-4,113,1,0,8
M1-1,1,0,0,1
M1-1,1,0,0,1
M1-1,1,0,0,1
M1-1,1,0,0,1
M1-1,1,0,0,1
M1-1,1,0,0,1
M1-1,1,0,0,1
M1-1,1,0,0,1
M1-1,1,0,0,1
M1-1,1,0,0,1
M1-1,1,0,0,1
M1-1,1,0,0,1
M1-1,1,0,0,1
M1-1,1,0,0,2
M1-1,1,0,0,2
M1-1,1,0,0,2
M1-1,1,0,0,2
M1-1,1,0,1,2
M1-1,1,0,0,2
M1-1,1,0,0,2
M1-1,1,0,0,2
M1-1,1,0,0,2
M1-1,1,0,1,2
M1-1,1,0,0,2
M1-1,1,0,0,2
M1-1,1,0,1,2
M1-1,1,0,0,2
M1-1,1,0,0,2
M1-1,1,0,1,4
M1-10,10,0,0,5
M1-10,10,0,0,5
M1-10,10,0,0,5
M1-10,10,0,1,5
M1-10,10,1,0,2
M1-11,11,1,0,5
M1-11,11,0,1,1
M1-11,11,0,0,1
M1-11,11,0,0,1
M1-11,11,0,0,1
M1-11,11,0,0,1
M1-11,11,0,0,1
M1-11,11,0,0,1
M1-11,11,0,0,1
M1-11,11,0,0,1
M1-12,12,0,1,5
M1-12,12,0,0,6
M1-12,12,0,1,6
M1-12,12,0,0,6
M1-12,12,0,0,6
M1-12,12,0,0,6
M1-12,12,0,1,6
M1-12,12,0,0,1
M1-12,12,0,0,1
M1-12,12,0,1,1
M1-12,12,0,0,1
M1-12,12,0,0,1
M1-12,12,0,0,1
M1-12,12,0,0,1
M1-12,12,0,0,1
M1-12,12,0,0,1
M1-12,12,0,0,1
M1-12,12,0,0,1
M1-12,12,0,0,1
M1-12,12,0,0,1
M1-12,12,0,0,1
M1-12,12,0,0,1
M1-12,12,0,0,1
M1-12,12,0,0,1
M1-12,12,0,0,1
M1-12,12,0,0,1
M1-12,12,0,1,1
M1-12,12,0,0,1
M1-12,12,0,0,1
M1-12,12,0,0,1
M1-12,12,0,0,1
M1-12,12,0,0,1
M1-12,12,0,0,1
M1-12,12,0,0,1
M1-12,12,0,0,1
M1-12,12,0,1,1
M1-12,12,0,0,1
M1-12,12,0,0,1
M1-12,12,0,1,1
M1-12,12,0,0,1
M1-12,12,0,0,2
M1-12,12,0,0,2
M1-12,12,0,1,2
M1-12,12,0,0,2
M1-12,12,0,0,2
M1-12,12,0,0,2
M1-12,12,0,1,2
M1-12,12,0,1,2
M1-12,12,0,0,2
M1-12,12,0,0,2
M1-12,12,0,0,2
M1-12,12,0,0,2
M1-12,12,0,0,2
M1-12,12,0,1,2
M1-12,12,0,1,2
M1-12,12,0,0,2
M1-12,12,0,0,2
M1-12,12,0,0,2
M1-12,12,0,0,2
M1-12,12,0,0,2
M1-12,12,0,0,2
M1-12,12,0,0,2
M1-12,12,0,0,2
M1-12,12,0,1,2
M1-12,12,0,0,2
M1-12,12,0,0,2
M1-12,12,0,0,2
M1-12,12,0,0,2
M1-12,12,0,0,2
M1-12,12,0,0,2
M1-12,12,0,0,2
M1-12,12,0,0,7
M1-12,12,0,0,7
M1-12,12,0,0,8
M1-12,12,0,0,8
M1-12,12,0,0,8
M1-12,12,0,0,8
M1-12,12,0,0,8
M1-12,12,0,1,8
M1-12,12,0,1,8
M1-12,12,0,1,8
M1-12,12,0,0,8
M1-12,12,0,1,8
M1-2,2,1,0,5
M1-2,2,1,0,5
M1-2,2,1,0,5
M1-2,2,1,0,5
M1-2,2,1,0,5
M1-2,2,1,0,5
M1-2,2,1,1,5
M1-2,2,1,0,5
M1-2,2,1,0,5
M1-2,2,1,0,5
M1-2,2,1,0,5
M1-2,2,1,0,5
M1-2,2,0,0,1
M1-2,2,0,0,1
M1-2,2,0,0,1
M1-2,2,0,0,1
M1-2,2,0,0,1
M1-2,2,0,0,1
M1-2,2,0,0,1
M1-2,2,0,0,1
M1-2,2,0,0,1
M1-2,2,0,0,1
M1-2,2,0,1,1
M1-2,2,0,0,1
M1-2,2,0,0,1
M1-2,2,0,0,1
M1-3,3,0,1,5
M1-3,3,0,1,5
M1-3,3,0,1,5
M1-3,3,0,0,6
M1-3,3,0,0,6
M1-3,3,0,0,6
M1-3,3,0,0,6
M1-3,3,0,0,6
M1-3,3,0,0,6
M1-3,3,0,0,6
M1-3,3,0,0,6
M1-3,3,0,0,6
M1-3,3,0,0,6
M1-3,3,0,0,2
M1-3,3,0,0,2
M1-3,3,0,1,2
M1-3,3,0,0,2
M1-3,3,0,0,2
M1-3,3,0,1,2
M1-3,3,0,0,2
M1-3,3,0,0,2
M1-3,3,0,0,2
M1-3,3,0,1,2
M1-3,3,0,1,2
M1-3,3,0,0,2
M1-3,3,0,0,2
M1-3,3,0,0,2
M1-3,3,0,0,2
M1-3,3,0,0,2
M1-3,3,0,1,2
M1-3,3,0,0,2
M1-3,3,0,0,2
M1-3,3,0,0,2
M1-3,3,0,0,2
M1-3,3,0,0,1
M1-3,3,0,1,1
M1-3,3,0,1,1
M1-3,3,0,0,1
M1-3,3,0,0,1
M1-3,3,0,0,1
M1-3,3,0,0,1
M1-3,3,0,0,1
M1-3,3,0,0,1
M1-3,3,0,0,7
M1-3,3,0,0,7
M1-3,3,0,0,7
M1-3,3,0,0,7
M1-3,3,0,0,7
M1-3,3,0,0,7
M1-3,3,0,0,7
M1-3,3,0,0,7
M1-3,3,0,0,7
M1-3,3,0,0,7
M1-3,3,0,0,7
M1-3,3,0,0,7
M1-3,3,0,1,8
M1-3,3,0,0,8
M1-3,3,0,0,8
M1-3,3,0,0,8
M1-4,4,1,0,5
M1-4,4,1,1,5
M1-4,4,1,0,5
M1-4,4,1,0,5
M1-4,4,1,0,5
M1-4,4,1,0,5
M1-4,4,1,1,5
M1-4,4,1,0,2
M1-4,4,0,0,2
M1-4,4,0,1,2
M1-4,4,0,0,2
M1-4,4,1,0,2
M1-4,4,1,0,2
M1-4,4,1,0,2
M1-4,4,1,1,2
M1-4,4,1,0,2
M1-4,4,1,0,2
M1-4,4,1,0,2
M1-4,4,1,0,7
M1-4,4,1,0,7
M1-4,4,1,0,7
M1-5,5,0,1,5
M1-5,5,0,1,5
M1-5,5,0,0,6
M1-5,5,0,0,6
M1-5,5,0,0,6
M1-5,5,0,0,6
M1-5,5,0,0,6
M1-5,5,0,1,1
M1-5,5,0,0,1
M1-5,5,0,0,1
M1-5,5,0,1,1
M1-5,5,0,0,1
M1-5,5,0,0,1
M1-5,5,0,0,1
M1-5,5,0,0,1
M1-5,5,0,0,1
M1-5,5,0,0,1
M1-5,5,0,0,1
M1-5,5,0,0,1
M1-5,5,0,0,1
M1-5,5,0,0,1
M1-5,5,0,0,1
M1-5,5,0,1,2
M1-5,5,0,0,2
M1-5,5,0,0,2
M1-5,5,0,0,2
M1-5,5,0,0,2
M1-5,5,0,0,2
M1-5,5,0,0,2
M1-5,5,0,0,2
M1-5,5,0,0,2
M1-5,5,0,0,2
M1-5,5,0,0,2
M1-5,5,0,0,2
M1-5,5,0,0,2
M1-5,5,0,0,2
M1-5,5,0,0,2
M1-5,5,0,0,2
M1-5,5,0,0,2
M1-5,5,0,0,2
M1-5,5,0,0,2
M1-5,5,0,0,2
M1-5,5,0,0,7
M1-5,5,0,1,8
M1-5,5,0,0,8
M1-6,6,1,0,5
M1-6,6,1,0,5
M1-6,6,1,0,5
M1-6,6,1,0,5
M1-6,6,1,0,5
M1-6,6,0,0,2
M1-6,6,0,1,2
M1-6,6,1,0,3
M1-7,7,0,0,6
M1-7,7,0,0,6
M1-7,7,0,1,1
M1-7,7,0,0,1
M1-7,7,0,0,1
M1-7,7,0,1,1
M1-7,7,0,0,1
M1-7,7,0,0,1
M1-7,7,0,0,1
M1-7,7,0,0,1
M1-7,7,0,1,1
M1-7,7,0,0,1
M1-7,7,0,0,1
M1-7,7,0,0,1
M1-7,7,0,1,1
M1-7,7,0,0,1
M1-7,7,0,0,2
M1-7,7,0,1,2
M1-7,7,0,1,2
M1-7,7,0,0,2
M1-7,7,0,0,2
M1-7,7,0,0,2
M1-7,7,0,0,2
M1-7,7,0,0,2
M1-7,7,0,0,2
M1-7,7,0,0,2
M1-7,7,0,0,2
M1-7,7,0,1,2
M1-7,7,0,0,2
M1-7,7,0,0,2
M1-7,7,0,1,3
M1-7,7,0,0,7
M1-7,7,0,0,7
M1-7,7,0,0,7
M1-7,7,0,0,8
M1-7,7,0,0,8
M1-7,7,0,1,8
M1-7,7,0,1,8
M1-7,7,0,0,8
M1-8,8,1,0,5
M1-8,8,1,0,5
M1-8,8,1,1,5
M1-8,8,1,0,5
M1-8,8,1,0,5
M1-8,8,1,0,5
M1-8,8,0,0,1
M1-8,8,0,0,1
M1-8,8,0,0,1
M1-8,8,1,1,2
M1-8,8,0,0,2
M1-8,8,0,0,2
M1-8,8,0,0,2
M1-8,8,0,0,2
M1-9,9,1,0,6
M1-9,9,1,0,6
M1-9,9,1,0,6
M1-9,9,1,0,6
M1-9,9,1,0,6
M1-9,9,1,0,6
M1-9,9,1,0,6
M1-9,9,1,0,6
M1-9,9,1,0,6
M1-9,9,1,0,6
M1-9,9,1,0,6
M1-9,9,1,0,6
M1-9,9,1,0,6
M1-9,9,1,0,6
M1-9,9,0,0,1
M1-9,9,0,1,1
M1-9,9,0,0,1
M1-9,9,0,0,1
M1-9,9,0,0,1
M1-9,9,0,0,1
M1-9,9,0,0,1
M1-9,9,0,0,1
M1-9,9,0,0,1
M1-9,9,0,0,2
M1-9,9,0,1,2
M1-9,9,0,0,2
M1-9,9,0,1,2
M1-9,9,0,0,2
M1-9,9,0,0,2
M1-9,9,0,0,2
M1-9,9,0,0,2
M1-9,9,0,0,2
M1-9,9,0,0,2
M1-9,9,0,0,2
M1-9,9,0,0,2
M1-9,9,0,1,2
M1-9,9,0,0,2
M1-9,9,0,0,2
M1-9,9,0,0,2
M1-9,9,0,0,2
M1-9,9,0,0,2
M1-9,9,0,0,2
M1-9,9,0,0,2
M1-9,9,0,0,2
M1-9,9,0,0,2
M1-9,9,0,0,2
M1-9,9,0,0,2
M1-9,9,0,0,7
M1-9,9,0,0,7
M1-9,9,0,1,7
M1-9,9,0,0,7
M1-9,9,0,0,7
M1-9,9,0,1,7
M1-9,9,0,0,7
M1-9,9,0,0,7
M1-9,9,0,0,7
M1-9,9,0,0,7
M1-9,9,0,0,7
M1-9,9,0,0,7
M1-9,9,0,0,7
M1-9,9,0,0,7
M1-9,9,0,0,8
M1-9,9,0,0,8
M1-9,9,0,0,8
M2-1,13,1,0,5
M2-1,13,1,1,5
M2-1,13,1,0,5
M2-1,13,1,1,5
M2-1,13,1,0,5
M2-1,13,1,0,5
M2-1,13,1,1,5
M2-1,13,1,0,5
M2-1,13,1,0,5
M2-1,13,1,0,5
M2-1,13,1,1,5
M2-1,13,1,1,5
M2-1,13,1,0,5
M2-1,13,1,0,5
M2-1,13,1,0,5
M2-1,13,1,0,5
M2-1,13,1,1,2
M2-1,13,1,0,2
M2-1,13,1,0,2
M2-1,13,1,1,2
M2-1,13,1,0,2
M2-1,13,1,1,2
M2-1,13,1,1,2
M2-1,13,1,0,2
M2-1,13,1,0,2
M2-1,13,1,1,2
M2-1,13,1,0,2
M2-1,13,1,0,2
M2-1,13,1,1,3
M2-1,13,1,0,3
M2-10,22,1,1,3
M2-11,23,0,1,6
M2-11,23,0,0,8
M2-12,24,1,1,5
M2-12,24,1,1,5
M2-12,24,1,0,5
M2-12,24,1,0,5
M2-12,24,1,0,5
M2-12,24,1,0,5
M2-12,24,1,0,5
M2-12,24,1,0,5
M2-12,24,1,0,5
M2-12,24,1,0,3
M2-12,24,1,0,3
M2-12,24,1,0,3
M2-12,24,1,0,3
M2-12,24,1,0,3
M2-12,24,1,0,3
M2-2,14,0,0,5
M2-2,14,0,0,5
M2-2,14,0,1,6
M2-2,14,0,0,6
M2-2,14,0,1,6
M2-2,14,0,0,6
M2-2,14,0,0,6
M2-2,14,0,0,1
M2-2,14,0,0,1
M2-2,14,0,0,2
M2-2,14,0,0,2
M2-2,14,0,0,2
M2-2,14,0,0,2
M2-2,14,0,1,2
M2-2,14,0,1,2
M2-2,14,0,0,2
M2-2,14,0,0,2
M2-2,14,0,0,2
M2-2,14,0,0,2
M2-2,14,0,0,2
M2-2,14,0,0,2
M2-2,14,0,0,2
M2-2,14,0,0,2
M2-2,14,0,0,2
M2-2,14,0,0,2
M2-2,14,0,0,2
M2-2,14,0,0,2
M2-2,14,0,1,2
M2-2,14,0,0,2
M2-2,14,0,0,2
M2-2,14,0,0,2
M2-2,14,0,1,2
M2-2,14,0,0,2
M2-2,14,0,1,4
M2-2,14,0,0,7
M2-2,14,0,0,7
M2-2,14,0,1,7
M2-2,14,0,0,7
M2-2,14,0,1,7
M2-2,14,0,0,8
M2-2,14,0,0,8
M2-2,14,0,1,8
M2-2,14,0,1,8
M2-3,15,1,1,5
M2-3,15,1,1,5
M2-3,15,1,1,5
M2-3,15,1,0,5
M2-3,15,1,1,5
M2-3,15,1,0,5
M2-3,15,1,0,5
M2-3,15,1,1,5
M2-3,15,1,0,5
M2-3,15,1,0,5
M2-3,15,1,0,5
M2-3,15,1,1,2
M2-3,15,1,0,2
M2-3,15,1,1,3
M2-3,15,1,0,3
M2-3,15,1,1,3
M2-3,15,1,1,3
M2-3,15,1,1,3
M2-3,15,1,0,3
M2-3,15,1,0,3
M2-3,15,1,0,3
M2-3,15,1,1,3
M2-3,15,1,1,3
M2-3,15,1,1,3
M2-3,15,1,0,4
M2-4,16,0,0,5
M2-4,16,0,0,5
M2-4,16,0,1,5
M2-4,16,0,0,5
M2-4,16,0,0,5
M2-4,16,0,1,5
M2-4,16,0,0,5
M2-4,16,0,0,5
M2-4,16,0,0,6
M2-4,16,0,0,6
M2-4,16,0,0,6
M2-4,16,0,0,1
M2-4,16,0,0,1
M2-4,16,0,0,1
M2-4,16,0,0,1
M2-4,16,0,0,1
M2-4,16,0,0,1
M2-4,16,0,1,1
M2-4,16,0,0,2
M2-4,16,0,0,2
M2-4,16,0,1,2
M2-4,16,0,0,2
M2-4,16,0,1,2
M2-4,16,0,0,2
M2-4,16,0,0,2
M2-4,16,0,0,2
M2-4,16,0,0,2
M2-4,16,0,0,2
M2-4,16,0,0,7
M2-4,16,0,0,7
M2-4,16,0,0,7
M2-4,16,0,0,7
M2-4,16,0,1,7
M2-4,16,0,0,8
M2-4,16,0,0,8
M2-4,16,0,0,8
M2-4,16,0,1,8
M2-4,16,0,0,8
M2-4,16,0,0,8
M2-4,16,0,0,8
M2-4,16,0,0,8
M2-5,17,0,1,5
M2-5,17,0,0,5
M2-5,17,0,1,5
M2-5,17,0,0,5
M2-5,17,0,0,5
M2-5,17,0,1,5
M2-5,17,0,0,5
M2-5,17,0,0,6
M2-5,17,0,0,6
M2-5,17,0,0,6
M2-5,17,0,0,6
M2-5,17,0,0,6
M2-5,17,0,0,6
M2-5,17,0,0,6
M2-5,17,0,0,6
M2-5,17,0,0,6
M2-5,17,0,0,1
M2-5,17,0,0,1
M2-5,17,0,1,1
M2-5,17,0,0,1
M2-5,17,0,0,1
M2-5,17,0,0,1
M2-5,17,0,0,1
M2-5,17,0,0,1
M2-5,17,0,0,1
M2-5,17,0,0,1
M2-5,17,0,0,1
M2-5,17,0,0,1
M2-5,17,0,1,1
M2-5,17,0,0,2
M2-5,17,0,0,2
M2-5,17,0,0,2
M2-5,17,0,0,2
M2-5,17,0,0,2
M2-5,17,0,0,2
M2-5,17,0,0,2
M2-5,17,0,0,2
M2-5,17,0,0,2
M2-5,17,0,0,2
M2-5,17,0,0,2
M2-5,17,0,0,2
M2-5,17,0,0,2
M2-5,17,0,0,7
M2-5,17,0,0,7
M2-5,17,0,0,7
M2-5,17,0,0,8
M2-5,17,0,1,8
M2-6,18,1,1,5
M2-6,18,1,0,5
M2-6,18,1,0,5
M2-6,18,1,0,5
M2-6,18,1,0,5
M2-6,18,1,0,5
M2-6,18,1,0,5
M2-6,18,1,0,5
M2-6,18,1,0,5
M2-6,18,1,0,5
M2-6,18,1,0,5
M2-6,18,1,0,5
M2-6,18,1,0,5
M2-6,18,1,0,5
M2-6,18,1,0,5
M2-6,18,1,0,5
M2-6,18,1,0,5
M2-6,18,1,0,5
M2-6,18,1,1,5
M2-6,18,1,0,5
M2-6,18,1,0,5
M2-6,18,1,0,5
M2-6,18,0,1,1
M2-6,18,0,1,1
M2-6,18,0,1,1
M2-6,18,0,1,1
M2-6,18,0,0,1
M2-6,18,0,0,1
M2-6,18,0,0,1
M2-6,18,0,0,1
M2-6,18,0,0,1
M2-6,18,0,0,1
M2-6,18,0,0,1
M2-6,18,0,0,1
M2-6,18,0,0,1
M2-6,18,0,0,1
M2-6,18,0,0,1
M2-6,18,0,0,1
M2-6,18,0,1,1
M2-6,18,0,0,1
M2-6,18,0,0,2
M2-6,18,0,0,2
M2-6,18,0,0,2
M2-6,18,0,0,2
M2-6,18,0,0,2
M2-6,18,0,0,2
M2-6,18,1,1,2
M2-6,18,1,0,2
M2-6,18,1,1,2
M2-6,18,0,0,2
M2-6,18,0,0,2
M2-6,18,0,0,2
M2-6,18,0,0,2
M2-6,18,0,0,2
M2-6,18,0,0,2
M2-6,18,0,0,2
M2-6,18,0,0,2
M2-6,18,0,0,2
M2-6,18,0,0,2
M2-6,18,0,0,2
M2-6,18,0,0,2
M2-6,18,0,0,2
M2-6,18,0,0,2
M2-6,18,0,1,2
M2-6,18,0,0,2
M2-6,18,0,0,2
M2-6,18,0,0,2
M2-6,18,1,1,3
M2-6,18,1,0,3
M2-6,18,1,1,4
M2-6,18,1,0,7
M2-6,18,1,0,7
M2-6,18,1,0,7
M2-6,18,1,0,7
M2-6,18,1,0,7
M2-7,19,0,0,5
M2-7,19,0,1,5
M2-7,19,0,1,6
M2-7,19,0,0,6
M2-7,19,0,0,6
M2-7,19,0,0,6
M2-7,19,0,0,6
M2-7,19,0,1,6
M2-7,19,0,0,6
M2-7,19,0,0,6
M2-7,19,0,0,6
M2-7,19,0,0,6
M2-7,19,0,0,1
M2-7,19,0,0,1
M2-7,19,0,0,1
M2-7,19,0,0,1
M2-7,19,0,1,2
M2-7,19,0,0,2
M2-7,19,0,0,7
M2-7,19,0,0,7
M2-7,19,0,0,7
M2-7,19,0,0,7
M2-7,19,0,0,7
M2-7,19,0,0,7
M2-7,19,0,0,7
M2-7,19,0,0,7
M2-7,19,0,0,7
M2-7,19,0,1,7
M2-7,19,0,0,7
M2-7,19,0,0,7
M2-7,19,0,1,8
M2-7,19,0,1,8
M2-7,19,0,0,8
M2-7,19,0,0,8
M2-7,19,0,1,8
M2-7,19,0,1,8
M2-8,20,1,0,5
M2-8,20,1,0,5
M2-8,20,1,0,5
M2-8,20,1,1,5
M2-8,20,1,0,5
M2-8,20,1,0,1
M2-8,20,1,0,1
M2-8,20,1,0,2
M2-8,20,0,0,2
M2-8,20,0,0,2
M2-8,20,0,1,2
M2-8,20,0,0,2
M2-8,20,0,1,2
M2-8,20,1,0,2
M2-8,20,0,1,2
M2-9,21,0,0,5
M2-9,21,0,0,5
M2-9,21,0,0,6
M2-9,21,0,0,6
M2-9,21,0,0,6
M2-9,21,0,0,6
M2-9,21,0,1,6
M2-9,21,0,1,6
M2-9,21,0,0,6
M2-9,21,0,0,6
M2-9,21,0,0,6
M2-9,21,0,0,6
M2-9,21,0,0,6
M2-9,21,0,0,6
M2-9,21,0,0,6
M2-9,21,0,1,2
M2-9,21,0,0,2
M2-9,21,0,0,2
M2-9,21,0,0,2
M2-9,21,0,0,2
M2-9,21,0,0,2
M2-9,21,0,0,2
M2-9,21,0,0,7
M2-9,21,0,0,7
M3-10,33,1,1,5
M3-10,33,1,0,5
M3-10,33,1,0,5
M3-10,33,1,0,5
M3-10,33,1,0,5
M3-10,33,1,0,5
M3-10,33,1,0,5
M3-10,33,1,0,5
M3-10,33,1,0,5
M3-10,33,1,0,5
M3-10,33,1,0,5
M3-10,33,1,0,5
M3-10,33,1,0,5
M3-10,33,1,0,5
M3-10,33,1,1,2
M3-10,33,1,0,2
M3-10,33,1,0,2
M3-10,33,1,0,2
M3-10,33,1,0,2
M3-10,33,1,1,2
M3-10,33,1,0,2
M3-10,33,1,0,2
M3-10,33,1,0,2
M3-10,33,1,0,2
M3-10,33,1,1,2
M3-10,33,1,1,2
M3-10,33,1,1,2
M3-10,33,1,1,2
M3-10,33,1,1,3
M3-10,33,1,0,3
M3-11,34,0,0,1
M3-11,34,0,1,6
M3-11,34,0,0,6
M3-11,34,0,0,6
M3-11,34,0,0,6
M3-11,34,0,0,6
M3-11,34,0,0,6
M3-11,34,0,0,6
M3-11,34,0,0,1
M3-11,34,1,0,2
M3-12,35,1,0,5
M3-12,35,1,0,5
M3-12,35,1,0,5
M3-12,35,1,0,5
M3-12,35,1,0,5
M3-12,35,1,0,2
M3-12,35,1,0,2
M3-12,35,1,0,2
M3-12,35,1,0,2
M3-12,35,1,0,2
M3-12,35,1,0,3
M3-13,36,0,1,5
M3-13,36,0,0,5
M3-13,36,1,1,5
M3-13,36,0,0,5
M3-13,36,0,0,5
M3-13,36,0,1,5
M3-13,36,0,0,5
M3-13,36,0,0,5
M3-13,36,0,0,5
M3-13,36,0,1,5
M3-13,36,0,0,5
M3-13,36,0,1,5
M3-13,36,0,1,5
M3-13,36,0,0,6
M3-13,36,0,0,6
M3-13,36,0,0,6
M3-13,36,0,0,6
M3-13,36,0,1,6
M3-13,36,0,0,6
M3-13,36,0,0,6
M3-13,36,0,0,6
M3-13,36,0,0,6
M3-13,36,0,0,6
M3-13,36,0,0,6
M3-13,36,0,0,7
M3-13,36,0,0,7
M3-13,36,0,1,8
M3-13,36,0,1,8
M3-13,36,0,0,8
M3-13,36,0,0,8
M3-14,37,1,0,5
M3-14,37,1,0,5
M3-14,37,1,0,5
M3-14,37,1,0,5
M3-14,37,1,0,5
M3-14,37,1,0,5
M3-14,37,1,0,5
M3-14,37,1,0,5
M3-14,37,1,1,5
M3-14,37,1,0,5
M3-14,37,1,0,5
M3-14,37,1,0,5
M3-14,37,1,0,5
M3-14,37,1,0,5
M3-14,37,1,0,5
M3-14,37,1,0,5
M3-14,37,1,0,5
M3-14,37,1,0,5
M3-14,37,1,0,5
M3-14,37,1,0,5
M3-14,37,1,0,5
M3-14,37,1,1,5
M3-14,37,1,1,5
M3-14,37,1,0,5
M3-14,37,1,0,5
M3-14,37,1,0,5
M3-14,37,1,0,5
M3-14,37,1,0,5
M3-14,37,1,0,5
M3-14,37,1,0,5
M3-14,37,1,1,5
M3-14,37,1,0,5
M3-2,25,0,1,6
M3-2,25,0,1,6
M3-2,25,0,0,6
M3-2,25,0,0,6
M3-2,25,0,0,6
M3-2,25,0,0,6
M3-2,25,0,0,6
M3-2,25,0,0,6
M3-2,25,0,0,6
M3-2,25,0,0,6
M3-2,25,0,0,6
M3-2,25,0,0,6
M3-2,25,0,0,6
M3-2,25,0,0,6
M3-2,25,0,0,6
M3-2,25,0,0,6
M3-2,25,0,0,1
M3-2,25,0,0,1
M3-2,25,0,0,1
M3-2,25,0,0,1
M3-2,25,0,0,1
M3-2,25,0,0,1
M3-2,25,0,0,1
M3-3,26,1,0,5
M3-3,26,1,0,5
M3-3,26,1,0,5
M3-3,26,1,1,5
M3-3,26,1,0,5
M3-3,26,1,0,5
M3-3,26,1,0,5
M3-3,26,1,0,5
M3-3,26,1,0,5
M3-3,26,1,0,5
M3-3,26,1,0,5
M3-3,26,0,0,2
M3-3,26,0,0,1
M3-3,26,0,0,1
M3-3,26,0,0,1
M3-3,26,1,0,2
M3-3,26,1,0,2
M3-3,26,1,0,2
M3-3,26,1,0,2
M3-3,26,1,0,2
M3-3,26,1,0,2
M3-3,26,1,0,2
M3-3,26,1,0,2
M3-3,26,0,0,3
M3-3,26,0,0,3
M3-4,27,0,0,5
M3-4,27,0,1,5
M3-4,27,0,0,5
M3-4,27,0,0,5
M3-4,27,0,0,6
M3-4,27,0,0,6
M3-4,27,0,0,6
M3-4,27,0,0,6
M3-4,27,0,0,6
M3-4,27,0,0,6
M3-4,27,0,1,6
M3-4,27,0,1,1
M3-4,27,0,0,1
M3-4,27,0,0,1
M3-4,27,0,0,1
M3-4,27,0,0,1
M3-4,27,0,0,1
M3-4,27,0,1,1
M3-4,27,0,1,1
M3-4,27,0,1,1
M3-4,27,0,0,1
M3-4,27,0,0,1
M3-4,27,0,0,1
M3-4,27,0,0,2
M3-4,27,0,0,2
M3-4,27,0,0,2
M3-4,27,0,0,2
M3-4,27,0,1,2
M3-4,27,0,0,2
M3-4,27,0,0,2
M3-4,27,0,0,2
M3-4,27,0,0,2
M3-4,27,0,1,3
M3-4,27,0,1,3
M3-5,28,0,0,6
M3-5,28,0,0,6
M3-5,28,0,0,6
M3-5,28,0,0,6
M3-5,28,0,0,6
M3-5,28,0,0,1
M3-5,28,0,0,2
M3-5,28,0,0,7
M3-5,28,0,0,8
M3-5,28,0,0,8
M3-5,28,0,0,8
M3-5,28,0,0,8
M3-5,28,0,1,8
M3-6,29,1,0,5
M3-6,29,1,0,5
M3-6,29,1,1,5
M3-6,29,1,0,5
M3-6,29,1,0,5
M3-6,29,1,0,5
M3-6,29,1,0,5
M3-6,29,1,0,5
M3-6,29,1,0,5
M3-6,29,1,0,5
M3-6,29,1,0,5
M3-6,29,1,0,5
M3-6,29,1,0,5
M3-6,29,1,0,5
M3-6,29,1,0,5
M3-6,29,1,0,5
M3-6,29,1,1,5
M3-6,29,1,0,5
M3-6,29,1,0,5
M3-6,29,1,0,5
M3-6,29,0,0,5
M3-6,29,1,0,2
M3-6,29,1,0,2
M3-6,29,1,0,2
M3-6,29,1,0,3
M3-6,29,1,0,3
M3-6,29,1,0,3
M3-6,29,1,1,3
M3-6,29,1,0,3
M3-6,29,1,0,3
M3-6,29,1,0,3
M3-6,29,1,0,7
M3-7,30,0,0,5
M3-7,30,0,0,5
M3-7,30,0,0,5
M3-7,30,0,0,5
M3-7,30,0,0,5
M3-7,30,0,0,5
M3-7,30,0,0,5
M3-7,30,0,0,5
M3-7,30,0,1,5
M3-7,30,0,0,5
M3-7,30,1,0,6
M3-7,30,1,1,6
M3-7,30,1,1,6
M3-7,30,1,0,2
M3-7,30,1,0,2
M3-7,30,1,1,2
M3-7,30,1,1,2
M3-8,31,1,0,5
M3-8,31,1,0,5
M3-8,31,1,0,5
M3-8,31,1,0,5
M3-8,31,1,0,5
M3-8,31,1,0,5
M3-8,31,1,0,5
M3-8,31,1,0,5
M3-8,31,1,1,5
M3-8,31,1,0,5
M3-8,31,1,0,5
M3-8,31,1,0,5
M3-8,31,1,0,5
M3-8,31,1,0,5
M3-8,31,1,0,5
M3-8,31,1,0,5
M3-8,31,1,0,5
M3-8,31,1,0,5
M3-8,31,1,0,2
M3-8,31,1,0,2
M3-8,31,1,1,2
M3-8,31,1,0,2
M3-8,31,1,0,2
M3-8,31,1,0,2
M3-8,31,1,1,2
M3-8,31,1,0,2
M3-8,31,1,0,2
M3-8,31,1,0,2
M3-8,31,1,0,2
M3-8,31,1,0,2
M3-8,31,1,0,2
M3-8,31,1,0,2
M3-8,31,1,0,2
M3-8,31,1,1,3
M3-8,31,1,0,3
M3-8,31,1,0,3
M3-8,31,1,1,3
M3-8,31,1,1,3
M3-8,31,1,0,3
M3-8,31,1,0,3
M3-8,31,1,0,3
M3-8,31,1,0,3
M3-8,31,1,0,3
M3-8,31,1,0,3
M3-8,31,1,0,3
M3-8,31,1,0,8
M3-8,31,1,1,8
M3-8,31,1,0,8
M3-9,32,0,0,5
M3-9,32,0,0,5
M3-9,32,0,0,5
M3-9,32,0,1,5
M3-9,32,0,0,5
M3-9,32,0,0,5
M3-9,32,0,1,5
M3-9,32,0,1,5
M3-9,32,0,0,6
M3-9,32,0,0,6
M3-9,32,0,0,6
M3-9,32,0,1,6
M3-9,32,0,1,6
M3-9,32,0,1,6
M3-9,32,0,0,6
M3-9,32,0,0,6
M3-9,32,0,0,6
M3-9,32,0,0,6
M3-9,32,0,0,1
M3-9,32,0,0,1
M3-9,32,0,0,1
M3-9,32,0,0,1
M3-9,32,0,0,1
M3-9,32,0,0,1
M3-9,32,0,1,1
M3-9,32,0,0,1
M3-9,32,0,1,1
M3-9,32,0,1,1
M3-9,32,0,0,1
M3-9,32,0,0,1
M3-9,32,0,1,1
M3-9,32,0,0,2
M3-9,32,0,1,2
M3-9,32,0,0,2
M3-9,32,0,1,2
M3-9,32,0,1,2
M3-9,32,0,0,2
M3-9,32,0,0,2
M3-9,32,0,0,2
M3-9,32,0,1,2
M3-9,32,0,1,2
M3-9,32,0,0,2
M3-9,32,0,0,2
M3-9,32,0,0,2
M3-9,32,0,0,2
M3-9,32,0,0,2
M3-9,32,0,0,2
M3-9,32,0,0,2
M3-9,32,0,0,2
M3-9,32,0,0,2
M3-9,32,0,0,2
M3-9,32,0,0,2
M3-9,32,0,1,7
M3-9,32,0,0,7
M3-9,32,0,1,8
M3-9,32,0,0,8
M3-9,32,0,0,8
M3-9,32,0,1,8
M3-9,32,0,1,8
M3-9,32,0,0,8
M3-9,32,0,1,8
M3-9,32,0,1,8
M3-9,32,0,0,8
M3-9,32,0,1,8
M3-9,32,1,0,8
M3-9,32,0,1,8
M4-1,38,1,0,1
M4-10,47,0,1,5
M4-10,47,0,0,6
M4-10,47,0,0,6
M4-10,47,0,0,1
M4-10,47,0,0,1
M4-10,47,0,0,1
M4-10,47,0,0,2
M4-10,47,0,0,2
M4-10,47,0,1,2
M4-10,47,0,1,2
M4-10,47,0,0,7
M4-10,47,0,0,8
M4-10,47,0,1,8
M4-11,48,0,1,5
M4-11,48,0,1,5
M4-11,48,0,1,5
M4-11,48,0,1,5
M4-11,48,0,1,5
M4-11,48,0,1,5
M4-11,48,0,1,5
M4-11,48,0,1,5
M4-11,48,0,1,5
M4-11,48,0,1,5
M4-11,48,0,1,5
M4-11,48,0,1,5
M4-11,48,0,1,5
M4-11,48,0,1,5
M4-11,48,0,1,5
M4-11,48,0,1,5
M4-11,48,0,0,6
M4-11,48,0,0,6
M4-11,48,0,0,6
M4-11,48,0,1,6
M4-11,48,0,0,6
M4-11,48,0,0,6
M4-11,48,0,1,6
M4-11,48,0,0,6
M4-11,48,0,1,6
M4-11,48,0,0,6
M4-11,48,0,0,6
M4-11,48,0,0,1
M4-11,48,0,0,1
M4-11,48,0,0,1
M4-11,48,0,0,1
M4-11,48,0,0,1
M4-11,48,0,0,1
M4-11,48,0,0,1
M4-11,48,0,1,1
M4-11,48,0,1,1
M4-11,48,0,1,1
M4-11,48,0,0,1
M4-11,48,0,0,1
M4-11,48,0,0,2
M4-11,48,0,0,2
M4-11,48,0,0,2
M4-11,48,0,0,2
M4-11,48,0,0,2
M4-11,48,0,0,2
M4-11,48,0,1,2
M4-11,48,0,0,2
M4-11,48,0,1,2
M4-11,48,0,0,2
M4-11,48,0,0,2
M4-11,48,0,1,4
M4-11,48,0,1,4
M4-11,48,0,1,4
M4-11,48,0,0,8
M4-11,48,0,1,8
M4-11,48,0,0,8
M4-11,48,0,0,8
M4-11,48,0,0,8
M4-11,48,0,0,8
M4-11,48,0,0,8
M4-11,48,0,0,8
M4-11,48,0,0,8
M4-2,39,0,0,1
M4-2,39,0,0,8
M4-2,39,0,1,8
M4-2,39,0,0,8
M4-2,39,0,0,8
M4-2,39,0,1,8
M4-2,39,0,1,8
M4-3,40,1,0,5
M4-3,40,1,0,5
M4-3,40,1,0,5
M4-3,40,1,1,5
M4-3,40,1,0,5
M4-3,40,1,0,5
M4-3,40,1,0,5
M4-3,40,1,0,5
M4-3,40,1,0,5
M4-3,40,1,0,5
M4-3,40,1,0,5
M4-3,40,1,0,5
M4-3,40,1,0,5
M4-3,40,1,1,2
M4-3,40,0,1,2
M4-3,40,0,0,2
M4-3,40,0,0,2
M4-3,40,0,0,2
M4-3,40,0,0,2
M4-4,41,0,0,5
M4-4,41,0,1,5
M4-4,41,0,0,5
M4-4,41,0,1,5
M4-4,41,0,0,5
M4-4,41,0,0,5
M4-4,41,0,0,5
M4-4,41,0,0,5
M4-4,41,0,0,5
M4-4,41,0,0,5
M4-4,41,0,0,5
M4-4,41,0,0,5
M4-4,41,0,0,5
M4-4,41,0,0,5
M4-4,41,0,0,5
M4-4,41,0,0,6
M4-4,41,0,0,6
M4-4,41,0,1,6
M4-4,41,0,1,6
M4-4,41,0,0,6
M4-4,41,0,0,6
M4-4,41,0,0,6
M4-4,41,0,0,6
M4-4,41,0,0,6
M4-4,41,0,0,6
M4-4,41,0,0,6
M4-4,41,0,0,6
M4-4,41,0,0,6
M4-4,41,0,0,6
M4-4,41,0,0,6
M4-4,41,0,0,6
M4-4,41,0,0,6
M4-4,41,0,0,6
M4-4,41,0,0,6
M4-4,41,0,0,6
M4-4,41,0,0,1
M4-4,41,0,0,2
M4-4,41,0,1,2
M4-4,41,0,1,2
M4-4,41,0,0,2
M4-4,41,0,0,2
M4-4,41,0,0,2
M4-4,41,0,0,2
M4-4,41,0,0,2
M4-4,41,0,0,2
M4-4,41,0,0,2
M4-4,41,0,0,2
M4-4,41,0,0,2
M4-4,41,0,0,7
M4-4,41,0,0,7
M4-4,41,0,0,7
M4-4,41,0,0,7
M4-4,41,0,0,7
M4-4,41,0,0,7
M4-4,41,0,0,7
M4-4,41,0,1,7
M4-4,41,0,0,7
M4-4,41,0,1,8
M4-4,41,0,0,8
M4-4,41,0,0,8
M4-4,41,0,0,8
M4-4,41,0,1,8
M4-4,41,0,1,8
M4-4,41,0,0,8
M4-4,41,0,1,8
M4-4,41,0,0,8
M4-4,41,0,1,8
M4-4,41,0,1,8
M4-4,41,0,1,8
M4-4,41,0,1,8
M4-4,41,0,0,8
M4-5,42,0,0,1
M4-5,42,0,0,1
M4-5,42,0,0,1
M4-5,42,0,0,1
M4-5,42,0,0,1
M4-5,42,0,0,1
M4-5,42,0,0,8
M4-5,42,0,0,8
M4-5,42,0,0,8
M4-5,42,0,0,8
M4-6,43,1,0,5
M4-6,43,1,1,5
M4-6,43,1,0,5
M4-6,43,1,0,5
M4-6,43,1,1,3
M4-6,43,1,0,3
M4-6,43,1,0,3
M4-7,44,1,0,5
M4-7,44,1,0,1
M4-8,45,0,0,5
M4-8,45,0,0,5
M4-8,45,0,0,5
M4-8,45,0,0,5
M4-8,45,0,0,5
M4-8,45,0,0,5
M4-8,45,0,0,5
M4-8,45,0,1,5
M4-8,45,0,0,5
M4-8,45,0,1,5
M4-8,45,0,0,5
M4-8,45,0,1,5
M4-8,45,0,0,5
M4-8,45,0,0,5
M4-8,45,0,0,6
M4-8,45,0,0,6
M4-8,45,0,0,1
M4-8,45,0,1,1
M4-8,45,0,0,1
M4-8,45,0,0,1
M4-8,45,0,0,1
M4-8,45,0,0,1
M4-8,45,0,0,1
M4-8,45,0,0,2
M4-8,45,0,0,2
M4-8,45,0,1,2
M4-8,45,0,0,2
M4-8,45,0,0,2
M4-8,45,0,0,7
M4-8,45,0,0,7
M4-8,45,0,0,7
M4-8,45,0,0,7
M4-8,45,0,0,7
M4-8,45,0,0,8
M4-8,45,0,0,8
M4-8,45,0,0,8
M4-8,45,0,1,8
M4-8,45,0,0,8
M4-9,46,1,0,1
M4-9,46,1,0,1
M4-9,46,0,1,2
M4-9,46,0,0,2
M4-9,46,0,1,2
M4-9,46,0,0,2
M4-9,46,0,0,2
M4-9,46,0,0,2
M4-9,46,0,0,2
M4-9,46,0,0,2
M4-9,46,0,0,2
M4-9,46,1,1,3
M4-9,46,1,1,3
M5-1,50,0,0,5
M5-1,50,0,1,5
M5-1,50,0,0,5
M5-1,50,0,1,5
M5-1,50,0,0,5
M5-1,50,0,0,5
M5-1,50,0,0,5
M5-1,50,0,1,5
M5-1,50,0,0,5
M5-1,50,0,1,6
M5-1,50,0,0,6
M5-1,50,0,0,6
M5-1,50,0,0,6
M5-1,50,0,0,6
M5-1,50,0,1,1
M5-1,50,0,0,1
M5-1,50,0,0,1
M5-1,50,0,0,1
M5-1,50,0,0,1
M5-1,50,0,0,2
M5-1,50,0,1,2
M5-1,50,0,1,2
M5-1,50,0,0,2
M5-1,50,0,1,2
M5-1,50,0,0,2
M5-1,50,0,0,2
M5-1,50,0,0,2
M5-1,50,0,0,2
M5-1,50,0,1,7
M5-1,50,0,1,7
M5-10,59,1,1,2
M5-10,59,0,0,2
M5-10,59,1,0,3
M5-10,59,1,0,3
M5-10,59,1,0,3
M5-10,59,1,0,3
M5-10,59,1,0,3
M5-10,59,1,0,3
M5-10,59,1,0,7
M5-10,59,1,1,7
M5-11,60,0,1,5
M5-11,60,0,0,5
M5-11,60,0,0,5
M5-11,60,0,0,1
M5-11,60,0,0,2
M5-11,60,0,1,2
M5-12,61,1,1,5
M5-12,61,1,1,5
M5-12,61,1,0,5
M5-12,61,1,1,5
M5-12,61,1,1,5
M5-12,61,0,0,2
M5-12,61,0,1,2
M5-12,61,1,1,3
M5-12,61,1,0,3
M5-12,61,1,0,3
M5-12,61,1,0,3
M5-12,61,1,0,3
M5-12,61,1,0,7
M5-12,61,1,1,7
M5-12,61,1,1,7
M5-12,61,1,0,7
M5-12,61,1,0,7
M5-12,61,1,1,7
M5-12,61,1,1,7
M5-12,61,1,1,7
M5-12,61,1,0,7
M5-12,61,1,0,7
M5-2,51,1,1,5
M5-2,51,1,0,5
M5-2,51,1,1,5
M5-2,51,1,1,5
M5-2,51,1,0,5
M5-2,51,1,0,5
M5-2,51,1,1,5
M5-2,51,1,0,5
M5-2,51,1,0,5
M5-2,51,1,0,5
M5-2,51,1,0,5
M5-2,51,1,0,5
M5-2,51,1,0,5
M5-2,51,1,0,5
M5-2,51,1,1,5
M5-2,51,1,0,5
M5-2,51,1,1,2
M5-2,51,1,0,2
M5-2,51,1,0,2
M5-2,51,1,1,2
M5-2,51,1,0,2
M5-3,52,0,0,5
M5-3,52,0,0,6
M5-3,52,0,0,2
M5-4,53,1,0,5
M5-4,53,1,1,5
M5-4,53,1,1,5
M5-4,53,1,0,5
M5-4,53,1,0,5
M5-4,53,1,1,5
M5-4,53,1,0,5
M5-4,53,1,0,5
M5-4,53,1,0,5
M5-4,53,1,0,5
M5-4,53,1,0,5
M5-4,53,1,1,5
M5-4,53,1,0,5
M5-4,53,1,0,5
M5-4,53,1,1,5
M5-4,53,1,0,5
M5-4,53,1,0,5
M5-4,53,1,0,5
M5-4,53,1,0,5
M5-4,53,1,1,5
M5-4,53,1,1,5
M5-4,53,1,1,5
M5-4,53,1,0,5
M5-4,53,1,1,5
M5-4,53,1,1,5
M5-4,53,1,0,5
M5-4,53,1,0,5
M5-4,53,1,1,5
M5-4,53,1,0,5
M5-4,53,1,0,5
M5-4,53,1,1,5
M5-4,53,1,0,1
M5-4,53,1,0,1
M5-4,53,1,0,1
M5-4,53,1,0,1
M5-4,53,1,0,1
M5-4,53,1,0,1
M5-4,53,1,0,1
M5-4,53,1,0,1
M5-4,53,1,0,1
M5-4,53,1,0,1
M5-4,53,1,0,1
M5-4,53,1,0,1
M5-4,53,1,0,1
M5-4,53,1,1,3
M5-4,53,1,1,3
M5-4,53,1,1,3
M5-4,53,1,1,3
M5-4,53,1,1,3
M5-4,53,1,1,3
M5-4,53,1,1,3
M5-4,53,1,1,3
M5-4,53,1,1,3
M5-4,53,1,1,3
M5-4,53,1,1,3
M5-4,53,1,1,3
M5-4,53,1,1,3
M5-4,53,1,0,3
M5-4,53,1,0,3
M5-4,53,1,0,3
M5-4,53,1,0,3
M5-4,53,1,0,3
M5-4,53,1,0,3
M5-4,53,1,1,3
M5-4,53,1,1,3
M5-4,53,1,1,3
M5-4,53,1,0,3
M5-4,53,1,0,3
M5-4,53,1,0,3
M5-4,53,1,0,3
M5-4,53,1,0,3
M5-4,53,1,0,3
M5-4,53,1,0,3
M5-4,53,1,0,3
M5-4,53,1,0,3
M5-4,53,1,0,3
M5-4,53,1,0,3
M5-4,53,1,0,7
M5-4,53,1,0,7
M5-4,53,1,0,7
M5-4,53,1,0,7
M5-4,53,1,0,7
M5-4,53,1,0,7
M5-4,53,1,0,7
M5-4,53,1,0,7
M5-4,53,1,0,7
M5-4,53,1,0,7
M5-4,53,1,0,7
M5-4,53,1,0,7
M5-4,53,1,0,7
M5-4,53,1,0,7
M5-4,53,1,0,7
M5-4,53,1,0,7
M5-4,53,1,0,7
M5-4,53,1,0,7
M5-4,53,1,0,7
M5-4,53,1,0,7
M5-4,53,1,0,7
M5-5,54,0,1,5
M5-5,54,0,0,5
M5-5,54,0,1,5
M5-5,54,0,0,5
M5-5,54,0,0,5
M5-5,54,0,0,5
M5-5,54,0,1,5
M5-5,54,0,0,6
M5-5,54,0,0,6
M5-5,54,0,0,6
M5-5,54,0,0,1
M5-5,54,0,0,2
M5-5,54,0,0,2
M5-5,54,0,1,2
M5-5,54,0,0,8
M5-5,54,0,0,8
M5-5,54,0,0,8
M5-5,54,0,0,8
M5-6,55,1,0,5
M5-6,55,1,0,1
M5-6,55,1,0,1
M5-6,55,1,0,3
M5-6,55,1,0,3
M5-7,56,0,1,5
M5-7,56,0,0,5
M5-7,56,0,0,5
M5-7,56,0,0,5
M5-7,56,0,1,5
M5-7,56,0,1,5
M5-7,56,0,0,5
M5-7,56,0,0,5
M5-7,56,0,0,6
M5-7,56,0,0,6
M5-7,56,0,0,6
M5-7,56,0,0,6
M5-7,56,0,0,6
M5-7,56,0,1,6
M5-7,56,0,1,6
M5-7,56,0,0,6
M5-7,56,0,0,6
M5-7,56,0,0,6
M5-7,56,0,0,6
M5-7,56,0,0,6
M5-7,56,0,0,6
M5-7,56,0,0,6
M5-7,56,0,0,6
M5-7,56,0,0,1
M5-7,56,0,0,1
M5-7,56,0,0,1
M5-7,56,0,0,2
M5-7,56,0,1,2
M5-7,56,0,1,2
M5-7,56,0,1,2
M5-7,56,0,1,2
M5-7,56,0,0,2
M5-7,56,0,1,2
M5-7,56,0,0,2
M5-7,56,0,0,2
M5-7,56,0,0,2
M5-7,56,0,1,2
M5-7,56,0,0,2
M5-7,56,0,0,2
M5-7,56,0,0,2
M5-7,56,0,0,3
M5-7,56,0,0,8
M5-8,57,1,0,5
M5-8,57,1,0,1
M5-8,57,1,0,1
M5-8,57,1,0,3
M5-8,57,1,0,3
M5-8,57,1,0,3
M5-9,58,0,0,6
M5-9,58,0,0,6
M5-9,58,0,0,2
M5-9,58,1,0,2
M5-9,58,1,0,2
M5-9,58,0,0,2
M5-9,58,0,0,8
M5-9,58,0,0,8
M5-9,58,0,1,8
M5-9,58,0,0,8
M5-9,58,0,0,8
M5-9,58,0,0,8
M5-9,58,0,0,8
M6-10,71,1,0,5
M6-10,71,1,0,5
M6-10,71,1,0,5
M6-10,71,1,0,5
M6-10,71,1,1,5
M6-10,71,1,0,5
M6-10,71,1,0,5
M6-10,71,1,1,5
M6-10,71,1,0,1
M6-10,71,1,0,1
M6-10,71,1,0,1
M6-10,71,0,1,2
M6-10,71,1,1,3
M6-10,71,1,1,3
M6-10,71,1,1,4
M6-11,72,1,0,2
M6-11,72,0,0,2
M6-11,72,1,0,2
M6-12,73,0,1,8
M6-12,73,0,0,8
M6-13,74,1,0,5
M6-13,74,1,0,5
M6-13,74,1,0,5
M6-13,74,1,0,5
M6-13,74,1,0,5
M6-13,74,1,0,5
M6-13,74,1,0,5
M6-13,74,1,0,5
M6-13,74,1,0,5
M6-13,74,1,0,5
M6-13,74,1,1,5
M6-13,74,1,0,5
M6-13,74,1,0,5
M6-13,74,1,0,5
M6-13,74,1,0,2
M6-13,74,0,0,2
M6-13,74,1,0,2
M6-13,74,1,0,2
M6-13,74,1,1,2
M6-13,74,1,0,2
M6-13,74,1,0,2
M6-13,74,1,0,2
M6-13,74,1,0,2
M6-13,74,1,0,2
M6-13,74,1,0,2
M6-13,74,1,0,2
M6-13,74,1,0,2
M6-13,74,1,0,2
M6-13,74,1,1,2
M6-13,74,1,0,2
M6-13,74,1,0,2
M6-13,74,1,0,2
M6-13,74,1,0,2
M6-13,74,1,1,3
M6-14,75,0,1,4
M6-14,75,0,1,4
M6-15,76,0,0,5
M6-15,76,0,0,5
M6-15,76,0,1,5
M6-15,76,0,0,6
M6-15,76,0,0,6
M6-15,76,0,1,4
M6-15,76,0,1,4
M6-15,76,0,1,4
M6-15,76,0,1,4
M6-15,76,0,1,4
M6-15,76,0,0,8
M6-15,76,0,0,8
M6-15,76,0,0,8
M6-15,76,0,0,8
M6-16,77,1,0,2
M6-16,77,1,0,2
M6-16,77,0,0,2
M6-16,77,1,0,2
M6-16,77,1,1,4
M6-16,77,1,1,4
M6-16,77,1,1,4
M6-16,77,0,0,2
M6-16,77,0,0,2
M6-16,77,0,0,7
M6-16,77,0,0,7
M6-2,63,0,0,5
M6-2,63,0,1,5
M6-2,63,0,0,6
M6-2,63,0,0,6
M6-2,63,0,1,6
M6-2,63,0,0,6
M6-2,63,0,0,6
M6-2,63,0,0,6
M6-2,63,0,1,4
M6-2,63,0,1,8
M6-3,64,0,0,2
M6-4,65,0,0,5
M6-4,65,0,0,1
M6-5,66,1,0,5
M6-5,66,1,0,5
M6-5,66,1,0,5
M6-5,66,1,0,5
M6-5,66,1,0,5
M6-5,66,1,0,5
M6-5,66,0,0,5
M6-5,66,0,0,5
M6-5,66,0,0,5
M6-5,66,0,1,5
M6-5,66,0,0,5
M6-5,66,0,0,5
M6-5,66,0,0,5
M6-5,66,0,0,5
M6-5,66,0,0,5
M6-5,66,0,0,5
M6-5,66,0,0,5
M6-5,66,0,0,5
M6-5,66,0,0,5
M6-5,66,0,0,5
M6-5,66,0,0,5
M6-5,66,0,0,5
M6-5,66,0,0,5
M6-5,66,0,0,5
M6-5,66,0,0,5
M6-5,66,0,0,5
M6-5,66,0,1,5
M6-5,66,0,0,5
M6-5,66,0,0,6
M6-5,66,0,0,2
M6-5,66,0,1,2
M6-5,66,0,0,2
M6-5,66,0,1,4
M6-5,66,0,1,4
M6-5,66,0,1,4
M6-5,66,0,0,4
M6-5,66,1,1,7
M6-5,66,1,1,7
M6-5,66,0,1,8
M6-6,67,1,0,1
M6-6,67,1,0,1
M6-6,67,1,0,1
M6-6,67,1,1,3
M6-7,68,0,0,6
M6-7,68,0,0,6
M6-7,68,0,0,6
M6-7,68,0,0,6
M6-7,68,0,0,6
M6-7,68,0,1,2
M6-7,68,0,0,2
M6-7,68,0,0,8
M6-7,68,0,1,8
M6-8,69,1,0,5
M6-8,69,1,0,5
M6-8,69,1,1,5
M6-8,69,0,1,2
M6-8,69,0,0,2
M6-8,69,1,0,3
M6-8,69,1,0,3
M6-8,69,1,0,3
M6-9,70,0,1,5
M6-9,70,0,0,5
M6-9,70,0,1,6
M6-9,70,0,1,6
M6-9,70,0,1,6
M6-9,70,0,0,6
M6-9,70,0,0,6
M6-9,70,0,0,6
M6-9,70,0,0,6
M6-9,70,0,0,6
M6-9,70,0,0,6
M6-9,70,0,0,2
M6-9,70,0,1,2
M6-9,70,0,0,2
M6-9,70,0,1,2
M6-9,70,0,0,2
M6-9,70,0,1,4
M6-9,70,0,0,8
M7-1,78,1,0,5
M7-1,78,1,0,5
M7-1,78,1,0,5
M7-1,78,1,0,5
M7-1,78,1,0,1
M7-10,85,1,0,5
M7-10,85,1,1,5
M7-10,85,1,1,5
M7-10,85,1,0,5
M7-10,85,1,0,5
M7-10,85,1,0,5
M7-10,85,1,1,5
M7-10,85,1,0,5
M7-10,85,1,0,5
M7-10,85,1,0,5
M7-10,85,1,0,5
M7-10,85,1,0,5
M7-10,85,1,0,5
M7-10,85,1,0,5
M7-10,85,1,0,5
M7-10,85,1,0,5
M7-10,85,1,0,5
M7-10,85,1,1,5
M7-10,85,1,0,5
M7-10,85,1,1,1
M7-10,85,1,0,1
M7-10,85,1,0,1
M7-10,85,1,0,1
M7-10,85,1,0,1
M7-10,85,1,0,1
M7-10,85,1,0,1
M7-10,85,1,0,1
M7-10,85,1,0,1
M7-10,85,1,0,1
M7-10,85,1,0,1
M7-10,85,1,0,1
M7-10,85,1,0,1
M7-10,85,1,0,1
M7-10,85,1,0,1
M7-10,85,1,0,1
M7-10,85,1,0,1
M7-10,85,1,0,1
M7-10,85,1,0,1
M7-10,85,1,0,1
M7-10,85,1,0,1
M7-10,85,1,0,1
M7-10,85,1,0,1
M7-10,85,1,0,1
M7-10,85,1,0,1
M7-10,85,1,0,1
M7-10,85,1,0,1
M7-10,85,1,1,2
M7-10,85,1,0,2
M7-11,86,0,0,5
M7-11,86,0,1,5
M7-11,86,0,1,5
M7-11,86,0,0,5
M7-11,86,0,0,6
M7-11,86,0,0,6
M7-11,86,0,0,6
M7-11,86,0,1,6
M7-11,86,0,0,6
M7-11,86,0,0,6
M7-11,86,0,0,6
M7-11,86,0,1,6
M7-11,86,0,0,6
M7-11,86,0,0,6
M7-11,86,0,0,6
M7-11,86,0,0,6
M7-11,86,0,0,6
M7-11,86,0,0,6
M7-11,86,0,0,6
M7-11,86,0,0,6
M7-11,86,0,0,2
M7-11,86,0,0,2
M7-11,86,0,0,1
M7-11,86,0,0,1
M7-11,86,0,0,1
M7-11,86,0,0,1
M7-11,86,0,0,1
M7-11,86,0,0,1
M7-11,86,0,0,1
M7-11,86,1,1,2
M7-11,86,0,0,2
M7-11,86,0,0,2
M7-11,86,0,0,2
M7-11,86,0,0,2
M7-11,86,0,0,2
M7-11,86,0,0,2
M7-11,86,0,0,2
M7-11,86,0,0,2
M7-11,86,0,0,2
M7-11,86,0,0,2
M7-11,86,0,0,2
M7-11,86,0,0,2
M7-11,86,0,1,2
M7-11,86,0,0,2
M7-11,86,0,0,2
M7-11,86,0,1,4
M7-11,86,0,1,7
M7-11,86,0,0,7
M7-11,86,0,0,7
M7-11,86,0,0,7
M7-11,86,0,0,7
M7-11,86,0,0,7
M7-11,86,0,0,7
M7-11,86,0,0,7
M7-11,86,0,0,7
M7-11,86,0,0,7
M7-11,86,0,0,7
M7-11,86,0,0,7
M7-11,86,0,0,7
M7-11,86,0,0,7
M7-11,86,0,0,7
M7-11,86,0,0,7
M7-11,86,0,0,7
M7-11,86,0,0,7
M7-11,86,0,0,7
M7-11,86,0,0,7
M7-11,86,0,0,7
M7-11,86,0,0,7
M7-11,86,0,0,7
M7-11,86,0,0,7
M7-11,86,0,0,7
M7-11,86,0,1,7
M7-11,86,0,0,7
M7-11,86,0,0,8
M7-11,86,1,0,8
M7-11,86,0,0,8
M7-11,86,0,0,8
M7-11,86,0,0,8
M7-11,86,0,0,8
M7-11,86,0,0,8
M7-11,86,0,1,8
M7-11,86,0,0,8
M7-11,86,0,0,8
M7-11,86,0,0,8
M7-11,86,0,0,8
M7-11,86,0,1,8
M7-11,86,0,1,8
M7-11,86,0,1,8
M7-11,86,0,0,8
M7-12,87,1,0,5
M7-12,87,1,0,5
M7-12,87,1,0,5
M7-12,87,1,1,5
M7-12,87,1,0,5
M7-12,87,1,0,5
M7-12,87,1,0,5
M7-12,87,1,0,5
M7-12,87,1,0,5
M7-12,87,1,0,5
M7-12,87,1,1,5
M7-12,87,1,0,5
M7-12,87,1,0,5
M7-12,87,1,0,5
M7-12,87,1,0,5
M7-12,87,1,0,5
M7-12,87,1,0,5
M7-12,87,1,0,5
M7-12,87,1,0,5
M7-12,87,1,0,5
M7-12,87,1,0,5
M7-12,87,1,0,5
M7-12,87,1,0,5
M7-12,87,1,0,5
M7-12,87,1,1,5
M7-12,87,1,0,5
M7-12,87,1,0,5
M7-12,87,1,0,5
M7-12,87,1,0,5
M7-12,87,1,0,5
M7-12,87,1,0,5
M7-12,87,1,1,5
M7-12,87,1,0,5
M7-12,87,1,0,5
M7-12,87,1,0,5
M7-12,87,1,0,5
M7-12,87,1,1,5
M7-12,87,1,0,5
M7-12,87,1,0,5
M7-12,87,1,1,5
M7-12,87,1,1,5
M7-12,87,1,0,5
M7-12,87,1,0,5
M7-12,87,1,0,5
M7-12,87,1,0,5
M7-12,87,1,0,5
M7-12,87,1,0,5
M7-12,87,1,1,5
M7-12,87,1,0,5
M7-12,87,1,0,5
M7-12,87,1,1,5
M7-12,87,1,0,5
M7-12,87,1,0,5
M7-12,87,1,0,5
M7-12,87,1,0,5
M7-12,87,1,1,5
M7-12,87,1,0,5
M7-12,87,1,0,5
M7-12,87,1,0,5
M7-12,87,1,0,5
M7-12,87,1,0,5
M7-12,87,1,0,5
M7-12,87,1,0,5
M7-12,87,1,0,5
M7-12,87,1,0,5
M7-12,87,1,0,5
M7-12,87,1,0,5
M7-12,87,1,0,5
M7-12,87,1,0,5
M7-12,87,1,0,5
M7-12,87,1,0,5
M7-12,87,1,0,5
M7-12,87,1,0,5
M7-12,87,1,0,5
M7-12,87,1,0,5
M7-12,87,1,1,5
M7-12,87,1,0,5
M7-12,87,1,0,5
M7-12,87,1,0,1
M7-12,87,1,0,1
M7-12,87,1,0,1
M7-12,87,1,0,1
M7-12,87,1,0,1
M7-12,87,1,0,1
M7-12,87,1,0,1
M7-12,87,1,0,1
M7-12,87,1,0,1
M7-12,87,1,0,1
M7-12,87,0,0,2
M7-12,87,0,0,2
M7-12,87,1,0,7
M7-12,87,1,0,7
M7-12,87,1,0,7
M7-12,87,1,0,7
M7-12,87,1,0,7
M7-12,87,1,0,7
M7-12,87,1,0,7
M7-12,87,1,0,7
M7-12,87,1,0,7
M7-12,87,1,0,7
M7-12,87,0,1,8
M7-13,88,0,1,5
M7-13,88,0,0,5
M7-13,88,0,0,5
M7-13,88,0,0,5
M7-13,88,0,0,5
M7-13,88,0,1,5
M7-13,88,0,0,6
M7-13,88,0,0,1
M7-13,88,0,0,1
M7-13,88,0,0,1
M7-13,88,0,1,1
M7-13,88,0,1,7
M7-13,88,0,0,7
M7-13,88,0,1,7
M7-13,88,0,0,7
M7-13,88,0,0,7
M7-13,88,0,0,7
M7-13,88,0,0,8
M7-13,88,0,0,8
M7-13,88,0,1,8
M7-13,88,0,0,8
M7-13,88,0,0,8
M7-13,88,0,0,8
M7-13,88,0,0,8
M7-13,88,0,1,8
M7-13,88,0,1,8
M7-14,89,1,0,5
M7-14,89,1,1,5
M7-14,89,1,0,5
M7-14,89,1,1,5
M7-14,89,1,0,5
M7-14,89,1,0,5
M7-14,89,1,0,5
M7-14,89,1,0,5
M7-14,89,1,0,5
M7-14,89,1,0,5
M7-14,89,1,0,5
M7-14,89,1,1,1
M7-14,89,1,0,1
M7-14,89,1,0,1
M7-14,89,1,0,1
M7-14,89,1,0,1
M7-14,89,1,0,1
M7-14,89,1,0,1
M7-14,89,1,0,1
M7-14,89,1,0,1
M7-14,89,1,0,1
M7-14,89,1,0,1
M7-14,89,1,0,1
M7-14,89,0,1,2
M7-14,89,0,0,2
M7-14,89,0,1,2
M7-14,89,0,1,2
M7-14,89,1,0,7
M7-14,89,1,1,7
M7-2,79,0,0,1
M7-2,79,0,1,2
M7-2,79,0,1,2
M7-2,79,0,1,2
M7-2,79,0,0,2
M7-2,79,0,0,2
M7-2,79,0,1,2
M7-3,80,1,1,5
M7-3,80,1,0,1
M7-3,80,1,0,1
M7-3,80,1,0,1
M7-3,80,1,0,1
M7-3,80,1,0,1
M7-3,80,1,0,2
M7-4,81,0,1,6
M7-4,81,0,0,6
M7-4,81,0,1,6
M7-4,81,0,0,6
M7-4,81,0,0,6
M7-4,81,0,0,6
M7-4,81,0,0,6
M7-4,81,0,0,6
M7-4,81,0,0,6
M7-4,81,0,0,6
M7-4,81,0,0,6
M7-4,81,0,0,6
M7-4,81,0,0,6
M7-4,81,0,0,6
M7-4,81,0,0,6
M7-4,81,0,0,6
M7-4,81,0,0,6
M7-4,81,0,0,6
M7-4,81,0,0,6
M7-4,81,0,0,6
M7-4,81,0,0,6
M7-4,81,0,0,6
M7-4,81,0,0,6
M7-4,81,0,0,6
M7-4,81,0,0,6
M7-4,81,0,0,6
M7-4,81,0,0,6
M7-4,81,0,0,6
M7-4,81,0,0,6
M7-4,81,0,0,6
M7-4,81,0,0,2
M7-4,81,0,1,2
M7-4,81,0,0,2
M7-4,81,0,1,2
M7-4,81,0,1,2
M7-5,82,0,0,5
M7-5,82,0,0,5
M7-5,82,0,1,5
M7-5,82,0,0,6
M7-5,82,0,1,6
M7-5,82,0,0,6
M7-5,82,0,0,6
M7-5,82,0,0,6
M7-5,82,0,0,6
M7-5,82,0,0,6
M7-5,82,0,1,2
M7-5,82,0,0,2
M7-5,82,0,0,2
M7-5,82,0,1,2
M7-5,82,0,0,2
M7-5,82,0,0,2
M7-5,82,0,1,4
M7-5,82,0,0,7
M7-5,82,0,0,7
M7-5,82,0,0,7
M7-5,82,0,0,7
M7-5,82,0,0,7
M7-5,82,0,0,7
M7-5,82,0,0,7
M7-5,82,0,0,7
M7-5,82,0,0,7
M7-5,82,0,0,7
M7-5,82,0,0,8
M7-5,82,0,0,8
M7-5,82,0,0,8
M7-5,82,0,0,8
M7-5,82,0,0,8
M7-5,82,0,0,8
M7-5,82,0,0,8
M7-5,82,0,1,8
M7-5,82,0,0,8
M7-6,83,0,0,5
M7-6,83,1,0,5
M7-6,83,1,0,5
M7-9,84,0,0,1
M8-1,90,0,1,5
M8-1,90,0,0,5
M8-1,90,0,1,6
M8-1,90,0,0,6
M8-1,90,0,1,6
M8-1,90,0,0,6
M8-1,90,0,0,1
M8-1,90,0,0,1
M8-1,90,0,0,1
M8-1,90,0,0,2
M8-1,90,0,0,8
M8-1,90,0,1,8
M8-1,90,0,0,8
M8-1,90,0,1,8
M8-1,90,0,1,8
M8-1,90,0,1,8
M8-1,90,0,1,8
M8-1,90,0,1,8
M8-10,99,1,0,5
M8-10,99,1,1,5
M8-10,99,1,0,1
M8-10,99,1,1,2
M8-10,99,1,0,2
M8-10,99,1,0,2
M8-10,99,1,0,2
M8-10,99,1,0,2
M8-10,99,1,0,2
M8-10,99,1,0,2
M8-10,99,1,0,2
M8-10,99,1,0,2
M8-10,99,1,0,2
M8-10,99,1,0,2
M8-10,99,1,0,2
M8-10,99,1,0,2
M8-10,99,1,0,2
M8-10,99,1,0,2
M8-10,99,1,0,2
M8-10,99,1,0,2
M8-10,99,1,0,2
M8-10,99,1,0,2
M8-10,99,1,0,2
M8-10,99,1,0,2
M8-10,99,1,0,2
M8-11,100,0,1,5
M8-11,100,0,1,5
M8-11,100,0,0,6
M8-11,100,0,0,1
M8-11,100,0,0,1
M8-11,100,0,1,2
M8-11,100,0,1,2
M8-11,100,0,0,8
M8-12,101,1,0,5
M8-12,101,1,1,5
M8-12,101,1,0,5
M8-12,101,1,0,5
M8-12,101,1,1,5
M8-12,101,1,0,1
M8-12,101,1,0,1
M8-12,101,1,0,1
M8-12,101,1,0,1
M8-12,101,1,0,1
M8-12,101,1,0,1
M8-12,101,1,0,1
M8-12,101,1,0,1
M8-12,101,1,0,1
M8-12,101,1,0,1
M8-12,101,1,0,1
M8-12,101,1,0,1
M8-12,101,1,0,2
M8-12,101,1,0,2
M8-12,101,1,0,2
M8-12,101,1,0,2
M8-12,101,1,0,2
M8-12,101,1,0,2
M8-12,101,1,0,7
M8-3,92,1,0,2
M8-3,92,1,0,2
M8-3,92,1,0,2
M8-4,93,0,0,6
M8-4,93,0,0,6
M8-4,93,0,0,6
M8-5,94,0,0,6
M8-5,94,0,0,6
M8-5,94,0,0,7
M8-5,94,0,0,8
M8-6,95,1,0,5
M8-6,95,1,0,5
M8-6,95,1,1,5
M8-6,95,1,0,5
M8-6,95,1,0,5
M8-6,95,1,1,5
M8-6,95,1,0,5
M8-6,95,1,0,5
M8-6,95,1,0,5
M8-6,95,1,0,5
M8-6,95,1,0,5
M8-6,95,1,0,5
M8-6,95,1,0,5
M8-6,95,1,0,5
M8-6,95,1,0,5
M8-6,95,1,0,5
M8-6,95,1,0,5
M8-6,95,1,0,5
M8-6,95,1,0,5
M8-6,95,1,0,5
M8-6,95,1,0,5
M8-6,95,1,0,5
M8-6,95,1,0,5
M8-6,95,1,0,5
M8-6,95,1,0,5
M8-6,95,1,0,5
M8-6,95,1,1,5
M8-6,95,1,1,5
M8-6,95,1,0,5
M8-6,95,1,0,5
M8-6,95,1,0,5
M8-6,95,1,0,5
M8-6,95,1,0,5
M8-6,95,1,1,5
M8-6,95,1,0,5
M8-6,95,1,0,5
M8-6,95,1,0,5
M8-6,95,1,0,5
M8-6,95,1,0,5
M8-6,95,1,0,5
M8-6,95,1,0,5
M8-6,95,0,0,2
M8-6,95,0,0,2
M8-6,95,0,0,2
M8-6,95,1,0,2
M8-6,95,1,0,2
M8-6,95,1,0,2
M8-6,95,1,0,2
M8-6,95,1,0,2
M8-6,95,1,0,2
M8-6,95,1,0,2
M8-6,95,1,0,2
M8-6,95,1,1,2
M8-7,96,0,1,5
M8-7,96,0,0,6
M8-7,96,0,0,6
M8-7,96,0,0,6
M8-7,96,0,0,6
M8-7,96,0,0,6
M8-7,96,0,0,6
M8-7,96,0,1,6
M8-7,96,0,0,6
M8-7,96,0,0,6
M8-7,96,0,0,6
M8-7,96,0,0,1
M8-7,96,0,1,2
M8-7,96,0,1,2
M8-7,96,0,1,7
M8-7,96,0,0,8
M8-8,97,1,0,5
M8-8,97,1,0,5
M8-8,97,1,0,1
M8-8,97,1,0,1
M8-8,97,1,1,2
M8-8,97,1,1,2
M8-8,97,1,0,7
M8-9,98,0,0,6
M8-9,98,0,0,1
M8-9,98,0,0,1
M8-9,98,0,0,1
M8-9,98,1,0,2
M8-9,98,1,1,2
M8-9,98,1,0,2
M8-9,98,1,0,2
M8-9,98,1,0,2
M8-9,98,1,0,2
M8-9,98,1,0,2
M8-9,98,1,0,2
M8-9,98,1,0,2
M8-9,98,1,0,2
M8-9,98,1,0,2
M8-9,98,1,0,2
M8-9,98,1,0,2
M8-9,98,0,1,4
M8-9,98,0,0,8
M8-9,98,0,0,8
M9-1,102,0,0,7
M9-1,102,0,0,7
M9-1,102,0,0,8
M9-1,102,0,0,8
M9-2,103,1,0,5
M9-3,104,0,0,5
M9-3,104,0,0,6
M9-3,104,0,0,6
M9-3,104,0,0,6
M9-3,104,0,0,6
M9-3,104,0,0,6
M9-3,104,0,1,6
M9-3,104,0,0,6
M9-3,104,0,0,6
M9-3,104,0,0,6
M9-3,104,0,0,6
M9-3,104,0,0,2
M9-3,104,0,0,2
M9-3,104,0,0,2
M9-3,104,0,0,2
M9-3,104,0,0,2
M9-3,104,0,1,2
M9-3,104,0,0,2
M9-3,104,0,0,2
M9-3,104,0,0,2
M9-3,104,0,0,2
M9-3,104,0,0,2
M9-3,104,0,0,2
M9-3,104,0,0,7
M9-3,104,0,0,7
M9-3,104,0,1,7
M9-3,104,0,1,7
M9-3,104,0,0,8
M9-3,104,0,1,8
M9-4,105,1,1,5
M9-4,105,1,0,5
M9-4,105,1,0,5
M9-4,105,1,0,5
M9-4,105,1,0,1
M9-4,105,1,0,1
M9-4,105,1,0,2
M9-4,105,1,1,7
M9-5,106,0,1,5
M9-5,106,0,0,5
M9-5,106,0,1,5
M9-5,106,0,0,1
M9-5,106,0,1,3
M9-5,106,0,1,3
M9-6,107,1,0,5
M9-6,107,1,1,5
M9-6,107,1,0,5
M9-6,107,1,0,5
M9-6,107,1,0,5
M9-6,107,0,0,6
M9-6,107,0,0,2
M9-6,107,0,1,8
M9-6,107,0,1,8
M9-6,107,0,0,8
M9-7,108,0,0,2
M9-7,108,1,0,2
M9-7,108,0,0,7
M9-7,108,0,1,7
M9-7,108,0,0,7
M9-7,108,0,0,8
M9-8,109,1,1,5
M9-8,109,1,0,5
M9-8,109,1,0,5
M9-8,109,1,0,5
M9-8,109,1,0,5
M9-8,109,1,0,5
M9-8,109,1,0,5
M9-8,109,1,1,5
M9-8,109,1,0,5
M9-8,109,1,0,5
M9-8,109,1,0,5
M9-8,109,1,0,5
M9-8,109,1,0,5
M9-8,109,1,1,5
M9-8,109,1,0,5
M9-8,109,1,0,5
M9-8,109,1,0,5
M9-8,109,1,1,5
M9-8,109,1,1,5
M9-8,109,1,1,5
M9-8,109,1,0,5
M9-8,109,1,0,5
M9-8,109,1,0,5
M9-8,109,1,0,5
M9-8,109,1,0,5
M9-8,109,1,0,5
M9-8,109,1,0,5
M9-8,109,1,0,5
M9-8,109,1,0,5
M9-8,109,0,0,2
M0-2,111,0,0,9
M0-4,113,0,0,9
M1-1,1,0,0,9
M1-1,1,0,1,9
M1-1,1,0,0,9
M1-1,1,0,0,9
M1-1,1,0,0,9
M1-1,1,0,0,9
M1-1,1,0,0,9
M1-11,11,1,0,9
M1-11,11,1,0,9
M1-12,12,0,1,9
M1-12,12,0,0,9
M1-12,12,0,0,9
M1-12,12,0,0,9
M1-12,12,0,0,9
M1-12,12,0,1,9
M1-12,12,0,1,9
M1-12,12,0,0,9
M1-12,12,0,0,9
M1-12,12,0,1,9
M1-12,12,0,1,9
M1-12,12,0,1,9
M1-12,12,0,0,9
M1-2,2,1,0,9
M1-3,3,0,0,9
M1-5,5,0,0,9
M1-6,6,1,0,9
M1-6,6,1,0,9
M1-7,7,0,1,9
M1-7,7,0,0,9
M1-7,7,0,0,9
M1-7,7,0,1,9
M1-7,7,0,0,9
M1-7,7,0,0,9
M1-7,7,0,0,9
M1-7,7,0,0,9
M1-8,8,1,0,9
M1-8,8,1,0,9
M1-8,8,1,1,9
M1-8,8,1,0,9
M1-8,8,1,0,9
M1-8,8,1,0,9
M1-8,8,1,1,9
M1-8,8,1,0,9
M1-8,8,1,0,9
M1-8,8,1,0,9
M1-8,8,1,0,9
M1-8,8,1,0,9
M1-8,8,1,0,9
M1-9,9,0,0,9
M1-9,9,0,0,9
M1-9,9,0,0,9
M1-9,9,0,0,9
M1-9,9,0,0,9
M1-9,9,0,1,9
M2-11,23,0,0,9
M2-2,14,0,0,9
M2-2,14,0,0,9
M2-2,14,0,0,9
M2-2,14,0,0,9
M2-2,14,0,0,9
M2-2,14,0,1,9
M2-2,14,0,1,9
M2-4,16,0,1,9
M2-4,16,0,1,9
M2-4,16,0,0,9
M2-4,16,0,0,9
M2-4,16,0,0,9
M2-4,16,0,0,9
M2-5,17,0,0,9
M2-5,17,0,1,9
M2-5,17,0,0,9
M2-5,17,0,1,9
M2-5,17,0,0,9
M2-5,17,0,1,9
M2-5,17,0,0,9
M2-5,17,0,0,9
M2-7,19,0,0,9
M2-7,19,0,0,9
M2-7,19,0,0,9
M2-9,21,0,1,9
M3-10,33,1,0,9
M3-10,33,1,0,9
M3-10,33,1,0,9
M3-10,33,1,1,9
M3-10,33,1,0,9
M3-10,33,1,0,9
M3-10,33,1,0,9
M3-10,33,1,0,9
M3-10,33,1,0,9
M3-10,33,1,1,9
M3-10,33,1,0,9
M3-10,33,1,0,9
M3-10,33,1,0,9
M3-10,33,1,0,9
M3-10,33,1,0,9
M3-10,33,1,0,9
M3-10,33,1,0,9
M3-10,33,1,1,9
M3-10,33,1,0,9
M3-10,33,1,0,9
M3-14,37,1,1,9
M3-14,37,1,0,9
M3-14,37,1,1,9
M3-14,37,1,0,9
M3-14,37,1,0,9
M3-14,37,1,0,9
M3-14,37,1,0,9
M3-14,37,1,0,9
M3-14,37,1,0,9
M3-14,37,1,0,9
M3-14,37,1,0,9
M3-14,37,1,0,9
M3-14,37,1,0,9
M3-14,37,1,0,9
M3-14,37,1,0,9
M3-14,37,1,0,9
M3-14,37,1,0,9
M3-14,37,1,0,9
M3-14,37,1,0,9
M3-14,37,1,0,9
M3-14,37,1,0,9
M3-3,26,0,0,9
M3-3,26,1,0,9
M3-3,26,1,0,9
M3-3,26,1,0,9
M3-3,26,1,0,9
M3-3,26,1,0,9
M3-3,26,1,0,9
M3-3,26,1,0,9
M3-3,26,1,0,9
M3-3,26,1,0,9
M3-3,26,1,0,9
M3-3,26,1,0,9
M3-3,26,1,0,9
M3-3,26,1,0,9
M3-3,26,1,0,9
M3-3,26,1,0,9
M3-3,26,1,0,9
M3-3,26,1,1,9
M3-3,26,1,1,9
M3-3,26,1,0,9
M3-3,26,1,0,9
M3-3,26,1,0,9
M3-3,26,1,0,9
M3-3,26,1,0,9
M3-3,26,1,0,9
M3-3,26,1,0,9
M3-5,28,0,1,9
M3-5,28,0,0,9
M3-5,28,0,0,9
M3-5,28,0,0,9
M3-7,30,0,1,9
M3-7,30,0,0,9
M3-7,30,0,0,9
M3-8,31,1,0,9
M3-8,31,1,0,9
M3-8,31,1,0,9
M3-8,31,1,0,9
M3-8,31,1,0,9
M3-8,31,1,0,9
M3-8,31,1,0,9
M3-8,31,1,0,9
M3-8,31,1,0,9
M3-8,31,1,0,9
M3-8,31,1,0,9
M3-8,31,1,0,9
M3-8,31,1,0,9
M3-8,31,1,0,9
M3-8,31,1,0,9
M3-8,31,1,0,9
M3-8,31,1,0,9
M3-8,31,1,0,9
M3-8,31,1,0,9
M3-8,31,1,0,9
M3-8,31,1,0,9
M3-8,31,1,0,9
M3-8,31,1,0,9
M3-8,31,1,0,9
M3-8,31,1,1,9
M3-9,32,0,1,9
M4-1,38,1,0,9
M4-10,47,0,0,9
M4-11,48,1,1,9
M4-2,39,0,0,9
M4-2,39,0,0,9
M4-3,40,1,0,9
M4-3,40,1,0,9
M4-3,40,1,0,9
M4-3,40,1,0,9
M4-3,40,1,0,9
M4-3,40,1,0,9
M4-3,40,1,0,9
M4-3,40,1,1,9
M4-3,40,1,0,9
M4-3,40,1,0,9
M4-3,40,1,0,9
M4-3,40,1,1,9
M4-3,40,1,0,9
M4-3,40,1,0,9
M4-3,40,1,0,9
M4-3,40,1,0,9
M4-4,41,0,0,9
M4-4,41,0,0,9
M4-4,41,0,1,9
M4-4,41,0,0,9
M4-4,41,0,0,9
M4-4,41,0,1,9
M4-4,41,0,0,9
M4-4,41,0,0,9
M4-4,41,0,0,9
M4-4,41,0,0,9
M4-4,41,0,1,9
M4-5,42,0,0,9
M4-6,43,1,0,9
M4-6,43,1,0,9
M4-6,43,1,0,9
M4-6,43,1,0,9
M4-6,43,1,0,9
M4-6,43,1,0,9
M4-6,43,1,0,9
M4-6,43,1,0,9
M4-6,43,1,0,9
M4-6,43,1,0,9
M4-7,44,1,1,9
M4-7,44,1,1,9
M4-7,44,1,0,9
M4-7,44,1,0,9
M4-7,44,1,0,9
M4-8,45,0,1,9
M4-8,45,0,1,9
M4-8,45,0,0,9
M4-8,45,0,1,9
M4-8,45,0,0,9
M4-8,45,0,0,9
M5-1,50,0,1,9
M5-1,50,0,0,9
M5-1,50,0,0,9
M5-1,50,0,0,9
M5-1,50,0,1,9
M5-1,50,0,1,9
M5-1,50,0,0,9
M5-1,50,0,0,9
M5-1,50,0,0,9
M5-1,50,0,0,9
M5-11,60,0,0,9
M5-12,61,1,0,9
M5-2,51,1,0,9
M5-2,51,1,0,9
M5-4,53,1,1,9
M5-4,53,1,0,9
M5-4,53,1,0,9
M5-4,53,1,0,9
M5-4,53,1,0,9
M5-4,53,1,1,9
M5-4,53,1,0,9
M5-4,53,1,0,9
M5-4,53,1,0,9
M5-4,53,1,0,9
M5-4,53,1,0,9
M5-4,53,1,0,9
M5-4,53,1,0,9
M5-4,53,1,0,9
M5-5,54,0,0,9
M5-5,54,0,1,9
M5-5,54,0,0,9
M5-5,54,0,0,9
M5-6,55,1,0,9
M6-1,62,1,0,9
M6-1,62,1,0,9
M6-1,62,1,0,9
M6-1,62,1,0,9
M6-1,62,1,0,9
M6-1,62,1,0,9
M6-1,62,1,0,9
M6-1,62,1,0,9
M6-1,62,1,0,9
M6-1,62,1,0,9
M6-1,62,1,0,9
M6-1,62,1,0,9
M6-1,62,1,0,9
M6-1,62,1,0,9
M6-1,62,1,0,9
M6-1,62,1,0,9
M6-1,62,1,0,9
M6-1,62,1,0,9
M6-1,62,1,0,9
M6-1,62,1,0,9
M6-1,62,1,0,9
M6-1,62,1,0,9
M6-1,62,1,0,9
M6-1,62,1,0,9
M6-1,62,1,0,9
M6-10,71,1,0,9
M6-10,71,1,0,9
M6-11,72,1,0,9
M6-11,72,1,0,9
M6-11,72,1,0,9
M6-11,72,1,0,9
M6-12,73,0,0,9
M6-12,73,0,1,9
M6-12,73,0,0,9
M6-12,73,0,0,9
M6-12,73,0,1,9
M6-12,73,0,0,9
M6-12,73,0,0,9
M6-12,73,0,0,9
M6-12,73,0,0,9
M6-12,73,0,0,9
M6-12,73,0,0,9
M6-12,73,0,0,9
M6-12,73,0,0,9
M6-12,73,0,0,9
M6-12,73,0,1,9
M6-12,73,0,0,9
M6-12,73,0,0,9
M6-12,73,0,0,9
M6-12,73,0,0,9
M6-12,73,0,1,9
M6-12,73,0,0,9
M6-12,73,0,0,9
M6-12,73,0,0,9
M6-12,73,0,0,9
M6-12,73,0,0,9
M6-13,74,1,0,9
M6-15,76,0,0,9
M6-15,76,0,0,9
M6-15,76,0,0,9
M6-15,76,0,0,9
M6-15,76,0,0,9
M6-15,76,0,1,9
M6-15,76,0,0,9
M6-15,76,0,0,9
M6-2,63,0,1,9
M6-2,63,0,0,9
M6-2,63,0,0,9
M6-2,63,0,0,9
M6-4,65,0,0,9
M6-5,66,0,0,9
M6-5,66,0,0,9
M6-5,66,0,0,9
M6-5,66,0,0,9
M6-5,66,0,0,9
M6-5,66,0,0,9
M6-5,66,0,0,9
M6-5,66,0,1,9
M6-5,66,0,0,9
M6-5,66,0,0,9
M6-5,66,0,0,9
M6-5,66,0,0,9
M6-6,67,1,0,9
M6-6,67,1,0,9
M6-6,67,1,0,9
M6-6,67,1,0,9
M6-6,67,1,0,9
M6-6,67,1,1,9
M6-7,68,0,0,9
M6-8,69,1,0,9
M6-8,69,1,0,9
M6-8,69,1,0,9
M6-8,69,1,0,9
M6-8,69,1,0,9
M6-9,70,0,1,9
M6-9,70,0,1,9
M7-1,78,1,0,9
M7-1,78,1,0,9
M7-1,78,1,0,9
M7-1,78,1,0,9
M7-1,78,1,0,9
M7-1,78,1,0,9
M7-10,85,1,0,9
M7-10,85,1,0,9
M7-10,85,1,0,9
M7-10,85,1,0,9
M7-10,85,1,0,9
M7-10,85,1,0,9
M7-10,85,1,0,9
M7-10,85,1,0,9
M7-10,85,1,0,9
M7-10,85,1,0,9
M7-10,85,1,0,9
M7-10,85,1,0,9
M7-10,85,1,1,9
M7-10,85,1,0,9
M7-10,85,1,0,9
M7-10,85,1,0,9
M7-10,85,1,0,9
M7-10,85,1,0,9
M7-10,85,1,0,9
M7-10,85,1,0,9
M7-10,85,1,0,9
M7-10,85,1,1,9
M7-10,85,1,0,9
M7-10,85,1,0,9
M7-10,85,1,0,9
M7-12,87,1,0,9
M7-12,87,1,0,9
M7-12,87,1,0,9
M7-12,87,1,0,9
M7-12,87,1,0,9
M7-12,87,1,0,9
M7-12,87,1,0,9
M7-12,87,1,0,9
M7-12,87,1,0,9
M7-12,87,1,0,9
M7-12,87,1,0,9
M7-12,87,1,0,9
M7-12,87,1,0,9
M7-12,87,1,0,9
M7-12,87,1,0,9
M7-12,87,1,0,9
M7-12,87,1,0,9
M7-12,87,1,0,9
M7-12,87,1,0,9
M7-12,87,1,0,9
M7-12,87,1,0,9
M7-12,87,1,0,9
M7-12,87,1,0,9
M7-12,87,1,0,9
M7-12,87,1,0,9
M7-13,88,0,1,9
M7-13,88,0,0,9
M7-13,88,0,1,9
M7-13,88,0,0,9
M7-13,88,0,0,9
M7-14,89,1,0,9
M7-14,89,1,0,9
M7-14,89,1,0,9
M7-14,89,1,0,9
M7-14,89,1,0,9
M7-14,89,1,0,9
M7-14,89,1,0,9
M7-14,89,1,0,9
M7-14,89,1,0,9
M7-14,89,1,0,9
M7-14,89,1,0,9
M7-14,89,1,0,9
M7-14,89,1,0,9
M7-14,89,1,0,9
M7-14,89,1,0,9
M7-14,89,1,0,9
M7-14,89,1,0,9
M7-14,89,1,0,9
M7-14,89,1,0,9
M7-14,89,1,0,9
M7-14,89,1,0,9
M7-14,89,1,0,9
M7-14,89,1,0,9
M7-14,89,1,0,9
M7-14,89,1,0,9
M7-14,89,1,0,9
M7-14,89,1,0,9
M7-14,89,1,0,9
M7-14,89,1,0,9
M7-14,89,1,0,9
M7-14,89,1,0,9
M7-14,89,1,1,9
M7-14,89,1,0,9
M7-14,89,1,0,9
M7-14,89,1,0,9
M7-14,89,1,0,9
M7-14,89,1,0,9
M7-14,89,1,0,9
M7-14,89,1,1,9
M7-14,89,1,0,9
M7-14,89,1,0,9
M7-15,86,0,0,9
M7-15,86,0,0,9
M7-15,86,0,0,9
M7-15,86,0,0,9
M7-15 (11),86,0,1,9
M7-15 (11),86,0,1,9
M7-15 (11),86,0,0,9
M7-15 (11),86,0,0,9
M7-15 (11),86,0,0,9
M7-15 (11),86,0,0,9
M7-15 (11),86,0,0,9
M7-15 (11),86,0,0,9
M7-15 (11),86,0,1,9
M7-15 (11),86,0,0,9
M7-15 (11),86,0,1,9
M7-15 (11),86,0,0,9
M7-15 (11),86,0,1,9
M7-15 (11),86,0,0,9
M7-16,81,0,0,9
M7-16,81,0,0,9
M7-16,81,0,0,9
M7-16,81,0,0,9
M7-16 (4),81,0,0,9
M7-2,79,0,0,9
M7-2,79,0,0,9
M7-2,79,0,0,9
M7-2,79,0,0,9
M7-2,79,0,0,9
M7-2,79,0,0,9
M7-2,79,0,0,9
M7-2,79,0,0,9
M7-2,79,0,0,9
M7-2,79,0,0,9
M7-5,82,0,0,9
M7-6,83,1,0,9
M7-6,83,1,0,9
M7-6,83,1,0,9
M7-6,83,1,0,9
M7-6,83,1,0,9
M7-6,83,1,0,9
M7-6,83,1,0,9
M7-6,83,1,0,9
M7-6,83,1,0,9
M7-6,83,1,0,9
M7-6,83,1,0,9
M7-6,83,1,0,9
M7-6,83,1,0,9
M7-6,83,1,0,9
M7-6,83,1,0,9
M7-6,83,1,0,9
M7-6,83,1,0,9
M7-6,83,1,0,9
M7-6,83,1,0,9
M7-6,83,1,0,9
M7-6,83,1,0,9
M7-6,83,1,0,9
M7-6,83,1,0,9
M7-6,83,1,0,9
M7-6,83,1,0,9
M7-9,84,0,0,9
M8-1,90,0,0,9
M8-1,90,0,0,9
M8-1,90,0,0,9
M8-1,90,0,0,9
M8-1,90,0,0,9
M8-1,90,0,1,9
M8-1,90,0,1,9
M8-1,90,0,0,9
M8-1,90,0,0,9
M8-1,90,0,1,9
M8-1,90,0,0,9
M8-1,90,0,0,9
M8-1,90,0,0,9
M8-1,90,0,0,9
M8-1,90,0,0,9
M8-1,90,0,0,9
M8-1,90,0,0,9
M8-1,90,0,0,9
M8-11,100,0,0,9
M8-11,100,0,0,9
M8-11,100,0,0,9
M8-11,100,0,1,9
M8-11,100,0,1,9
M8-11,100,0,1,9
M8-12,101,1,1,9
M8-12,101,1,0,9
M8-12,101,1,0,9
M8-12,101,1,0,9
M8-12,101,1,0,9
M8-12,101,1,0,9
M8-12,101,1,0,9
M8-12,101,1,0,9
M8-12,101,1,0,9
M8-2,91,1,0,9
M8-2,91,1,0,9
M8-2,91,1,0,9
M8-2,91,1,0,9
M8-2,91,1,0,9
M8-2,91,1,0,9
M8-2,91,1,0,9
M8-2,91,1,0,9
M8-2,91,1,0,9
M8-2,91,1,0,9
M8-2,91,1,1,9
M8-2,91,1,0,9
M8-2,91,1,1,9
M8-2,91,1,0,9
M8-2,91,1,1,9
M8-2,91,1,0,9
M8-3,92,1,0,9
M8-3,92,1,0,9
M8-3,92,1,0,9
M8-4,93,0,1,9
M8-4,93,0,1,9
M8-4,93,0,0,9
M8-4,93,0,0,9
M8-4,93,0,0,9
M8-4,93,0,0,9
M8-4,93,0,1,9
M8-4,93,0,0,9
M8-6,95,1,0,9
M8-6,95,1,0,9
M8-6,95,1,0,9
M8-6,95,1,1,9
M8-6,95,1,0,9
M8-6,95,1,0,9
M8-6,95,1,0,9
M8-7,96,0,0,9
M8-7,96,0,1,9
M8-7,96,0,0,9
M8-7,96,0,0,9
M8-8,97,1,0,9
M8-8,97,1,0,9
M8-8,97,1,0,9
M9-1,102,0,0,9
M9-1,102,0,1,9
M9-1,102,0,0,9
M9-2,103,1,0,9
M9-2,103,1,0,9
M9-3,104,0,0,9
M9-3,104,0,0,9
M9-5,105,1,1,9
M9-5,105,1,0,9
M9-6,106,0,1,9
M9-7,107,0,0,9
M9-7,107,0,0,9
M9-7,107,0,0,9
M9-8,108,1,0,9
M9-8,108,1,0,9
M9-8,108,1,0,9
M9-8,108,1,0,9
M9-8,108,1,0,9
M9-8,108,1,1,9
M9-8,108,1,0,9
M9-8,108,1,0,9
M9-8,108,1,0,9
M9-8,108,1,0,9
M9-8,108,1,0,9
M9-8,108,1,0,9
M9-8,108,1,0,9
M9-8,108,1,0,9
